# Definición del esquema y las tablas

DROP SCHEMA IF EXISTS pokemon;
CREATE SCHEMA pokemon;
USE pokemon;

CREATE TABLE especie (
  n_pokedex INT,
  nombre VARCHAR(12),
  descripcion VARCHAR(200),
  evoluciona INT,
  sprite LONGBLOB,
  PRIMARY KEY (n_pokedex),
  FOREIGN KEY (evoluciona) REFERENCES especie(n_pokedex)
  ON DELETE SET NULL ON UPDATE CASCADE
);

CREATE TABLE ejemplar (
  n_pokedex INT,
  n_encuentro INT,
  apodo VARCHAR(12),
  sexo CHAR(1),
  nivel INT,
  infectado INT,
  PRIMARY KEY (n_pokedex, n_encuentro),
  FOREIGN KEY (n_pokedex) REFERENCES especie(n_pokedex)
  ON DELETE CASCADE ON UPDATE CASCADE
);

CREATE TABLE tipo (
  id_tipo INT,
  nombre VARCHAR(12),
  PRIMARY KEY (id_tipo)
);

CREATE TABLE ataque (
  id_ataque INT,
  nombre VARCHAR(40),
  potencia INT,
  id_tipo INT,
  PRIMARY KEY (id_ataque),
  FOREIGN KEY (id_tipo) REFERENCES tipo(id_tipo)
  ON DELETE CASCADE ON UPDATE CASCADE
);

CREATE TABLE especie_tipo (
  n_pokedex INT,
  id_tipo INT,
  PRIMARY KEY (n_pokedex, id_tipo),
  FOREIGN KEY (n_pokedex) REFERENCES especie(n_pokedex)
  ON DELETE CASCADE ON UPDATE CASCADE,
  FOREIGN KEY (id_tipo) REFERENCES tipo(id_tipo)
  ON DELETE CASCADE ON UPDATE CASCADE
);



# Inserción de datos

INSERT INTO especie(n_pokedex, nombre, descripcion, evoluciona) VALUES(1, 'Bulbasaur', 'A Bulbasaur es fácil verle echándose una siesta al sol.', NULL);
INSERT INTO especie(n_pokedex, nombre, descripcion, evoluciona) VALUES(2, 'Ivysaur', 'Este Pokémon lleva un bulbo en el lomo y, para poder con su peso, tiene unas patas y un tronco gruesos y fuertes.', 1);
INSERT INTO especie(n_pokedex, nombre, descripcion, evoluciona) VALUES(3, 'Venusaur', 'Venusaur tiene una flor enorme en el lomo que, según parece, adquiere unos colores muy vivos si está bien nutrido y le da mucho el sol.', 2);
INSERT INTO especie(n_pokedex, nombre, descripcion, evoluciona, sprite) VALUES(4, 'Charmander', 'La llama que tiene en la punta de la cola arde según sus sentimientos.', NULL, 0xffd8ffe000104a46494600010101009000900000ffe100224578696600004d4d002a00000008000101120003000000010001000000000000ffdb0043000201010201010202020202020202030503030303030604040305070607070706070708090b0908080a0807070a0d0a0a0b0c0c0c0c07090e0f0d0c0e0b0c0c0cffdb004301020202030303060303060c0807080c0c0c0c0c0c0c0c0c0c0c0c0c0c0c0c0c0c0c0c0c0c0c0c0c0c0c0c0c0c0c0c0c0c0c0c0c0c0c0c0c0c0c0c0c0c0c0c0c0cffc0001108017b018e03012200021101031101ffc4001f0000010501010101010100000000000000000102030405060708090a0bffc400b5100002010303020403050504040000017d01020300041105122131410613516107227114328191a1082342b1c11552d1f02433627282090a161718191a25262728292a3435363738393a434445464748494a535455565758595a636465666768696a737475767778797a838485868788898a92939495969798999aa2a3a4a5a6a7a8a9aab2b3b4b5b6b7b8b9bac2c3c4c5c6c7c8c9cad2d3d4d5d6d7d8d9dae1e2e3e4e5e6e7e8e9eaf1f2f3f4f5f6f7f8f9faffc4001f0100030101010101010101010000000000000102030405060708090a0bffc400b51100020102040403040705040400010277000102031104052131061241510761711322328108144291a1b1c109233352f0156272d10a162434e125f11718191a262728292a35363738393a434445464748494a535455565758595a636465666768696a737475767778797a82838485868788898a92939495969798999aa2a3a4a5a6a7a8a9aab2b3b4b5b6b7b8b9bac2c3c4c5c6c7c8c9cad2d3d4d5d6d7d8d9dae2e3e4e5e6e7e8e9eaf2f3f4f5f6f7f8f9faffda000c03010002110311003f00fdf8a28a2800a28a2800a28a2800a28a2800a28a2800a28a2800a28a2800a28a2800a28a2800a28a2800a28a2800a28a2800a28a2800a28a2800a28a2800a28a2800a28a2800a28af9d7f6daff0082a57c21fd83604b3f166b571ad78c6e97758783bc3b1aea3e22d43232bb2d5581553918790a21fef54ce71845ca6ec9756542129c9460aedf447d155e53fb4efedc5f08ff00632f0c1d5fe287c40f0e783acf3845bdb8cdc4c7696c4702069643852708a4d7e5afc7aff82817ed25fb6cdaea7a5bea9a7fc0bf867ac64db5af8777b78c9ed89dc897378e5a1b7908dbbd604247ccbb8e735e37f03bf643f00fecf9109340d0e193546cf9dab5f1fb56a1704b6e25a56e739f4c74afcbf3ef16b26c0374f0f7ad35fcba2ffc09fe973f52c83c23ce71e954c4da8c1ff36b2ffc057eb63f45352ff838b7f677d72c7ccf87ff00f0b13e294d8e1740f085fc31e7de5bc8e08fb1e431e95c2eb1ff0007057894dcb7f63fecb3f11afad7f824bdf12e9360ec3dd0cac47e75f38962c79a2bf3bc578e198ca5fecf8784579b949fe0e3f91fa2617c0dcb631ff68c44e4fc9462bf152fccfa4346ff008382bc442e17fb6bf65bf891636e3efc963e22d2750751ec8b2a93f9d771a7ff00c1c61fb37e8b67bbc7973f107e195c003745aff837519154f7fdeda453c78ce4677738fa57c6f42b1534f0be38661197fb461e125e4e517f8f37e418af0372e92ff67c44e2fcd464bf051fccfd6afd9b7f6d1f851fb607875754f867e3ef0cf8cad594bb2e9f78ad3c2036d26484e248f9e3e751d47ad7a757f3f7f1a7f644f00fc77db71ac6891daeb1138960d634d3f63d46da45fbaeb328ce57823764640e38af5cf80dfb6ffed31fb13d869ba5687e20d27e38780f4f554934af1a48d0788ade08d76ac769a842163763c126e636fb80020926bf42c8fc5bc9b1cd53c4de8c9ff36abff025fad8fcf33df08b39c0a7530d6ad15fcba3ff00c05fe973f6a28af96ff621ff0082bcfc23fdb87519343b1975cf87be3a490aaf83bc6f6f1693ae5d4600fdfc10798e2784924078d9b956c81c67ea4cd7ea14ea42a454e9b4d3d9ad51f9754a73a7270a89a6b74f461451455998514514005145140051451400514514005145140051451400514514005145140051451400514514005145140051451400514514005145140051451400514514005145140051457e6fff00c1613fe0a47e23b5f1fcdfb38fc17d5e6d1fc7175691ddf8d3c556e5964f05584a1648920653ff001fb7099d991f2236fea415e3c763a860f0f3c56265cb08abb67665f80af8dc4430b868f34e4ec91a1ff0519ff82ca6a5e0ef885aa7c1dfd9ead74cf137c47d318dbf88fc49787768fe076c952ae08c5d5d83ff002c14e17ab9e196be22f877f06a3f0bf8bb58f186bfab5ff8cbe2478a4a3f883c55a99dd79aaba0213099290c6ab8458e20aa15141ce01ad3f863f0c74cf84fe1afecfd3bed13cd712b5dea3a85dbf9b7dac5dbe3cdbbba97199ae242373c8dc93e83007455fca3c71e22e333aa92c3e1db861d3d12d1cbce5dfc96df33facb81fc39c1e4b4e388c4253c435ab7aa8f947b7aeec28a28afcd4fd2828a28a0028a28a0028a28a00e7fc5ff00063c2ff15358d26eb5a86e2c756d0ee56ef45d7ec2792db52f0eddae4c57704919058c4e77f96fba362bca9e31f587ecb9ff00054df187ec99e28d1fe1ff00ed39acc3e22f0c6b52adbf86fe30c769159daea1349f3ada6a76b002b66e3708d27ff5728505b6b6f35f37e715e95f0ef4fd03e37fc3bd53e1ff008cb49d375fd0eea21fe837d089a2b840dbb043646e460aca472a402082a0d7e89c13c7d8dc96b2a326e741bd62fa79c7b3fc19f95f889c0b85cd28bc6528f2d65d575f5eff0099fad56b751df5b47343224d0cca1d1d0ee575232083dc1f5a92bf307f60dfdadb59ff008277fc6ad07e03fc4ed72f358f84be309bec9f0d7c59aa4ed2dc68b738511e81772b1c18d6343f679319c0d87200d9fa7d9afeb0caf33c3e6186862f0b2bc24b4ff27e68fe56c760ab612bcb0f5d5a510a28a2bd039028a28a0028a28a0028a28a0028a28a0028a28a0028a28a0028a28a0028a28a0028a28a0028a28a0028a28a0028a28a0028a28a0028a28a0028a28a0028a282db464f6e6803e54ff82bd7ede379fb0e7ecc917fc22f1add7c4bf88b7e3c29e0f85590b5a5f4f1498d41e3657df05a81e6b82a54e1158a87cd7e607c15f8512fc2ef0f5db6a9ab5c789bc55af5dcba9f8835fb94db73ad5ecac59e671938033b5541c2aa803bd5ef1dfed430ff00c14aff006c6f137c6cb77b86f05f85d25f05780a07575827b28e412dc6a9e5c9cacf3cac63dc021f2a25420e335d257f30f8b9c5d3c5e33fb230f2fddd37ef5bed4bfca3f9fa1fd41e11708c30983fed7c447f79517bb7fb31ff0037f90514515f8c9fb4051451400514514005145140051451400568f84fc473784fc456ba85b8064b57dd83fc408208fc4123f1acea3342d1dd13520a717096ccfa07e307c18f08fed57f07ae3c35e2fd261d6bc3baec092bc0eec8c870191d1d4864753c865208fa6457b0ff00c11f3f6c4f147c47d27c5df047e2a6ad26b5f16be0db431dd6b93225bffc261a5dc9924b3d422895571b230b04bb77e248f2cfb9f03e79f81df17adac74e5d1f56b8f27cb38b59a4cedda71f213db1d89e31c573bfb68f8535ef863ad785ff00682f01de6a163e34f82eefaa5e5a5a4de4c7e28d115e39aff4eb8c00d2298a1668d49c072d804b0afd83c31e2efecfc6ac25797eeaae9fe19747f3d9fdfd0fe76f11385273a72a908fbf0d53fe68f6f96e7ebf515cbfc12f8b9a3fc7ef835e13f1d787667b8d07c65a3da6b7a748e8519edee6149a3254f2a76b8c83c83c57515fd487e041451450014514500145727f1d3c6d79f0d3e117887c49631c77137876c65d4da09381731c2a6478b3fc25d5594360ed241c1c60bbe097c5cd33e3afc2bd13c57a4366cf59b549f66edcd0391f3c6c7fbc8d953ee2b9feb54fdb7d5dbf7ad7b796c75fd46b7d5beb697b9cdcb7eced7b3f55b7a33aaa28a2ba0e40a28a2800a28a2800a28a2800a28a2800a28a2800a28a2800a28a2800a28a2800a28a2800a28a2800a28a2800af8dff00e0bb7fb43eb5f037fe09ebe25d27c1baaae9bf113e245cdaf84fc34176b4d249733a2dd32a9c9c259fda5cb2825300f1c1afb22bf25ffe0b41e3ab7f8d9ff0525f857e13d3ee19a3f825e1fd475fd65031319bad5963b6b58d9781bd22b79e40c33812638cf3e2f11668b2dcb2be39fd88b6bd7a7e363dbe1bcade6599d0c0f49c927e9d7f0b9e3be0df07e9df0ffc27a7687a3db2d9e97a4dba5adac2bd238d4600f53f53d4d6951457f0cd5a92a937526eedbbb7e6cfee9a74e34e0a9c1592564bc828a2bc0ffe0a0bfb64597ec91f08d9a1f326f1578921b8b6d1225e044eaa035c31c11b623246db4e0b1200ee4766579662331c5c307858de73765fabf44b5671e6999e1f2fc2cf198a972c20aedfe9eade88c7fdb5bfe0a4de15fd9563b8d12c157c45e356837c5670bab5b59316c7fa4b86ca1c648400b1e33b4306afcedbefdac3e387ed61f11343f0dc3e2bf106a7ad788351b7d374bd374c61662e2e66916286248e10a0b33baa8ce4927ae6bc675fd7efbc53ae5e6a5a95d5c5f6a1a84cf7173733b99259e463967663c96249249afadbfe0815f0f2d7e25ffc15ff00e04d9de6c686c7c44bab2abaee064b4864b98ff11244a41ec40afebce15f0ff2cc9a82f7154abd65249bbf95f65e9f33f9078afc42ccf39aeda9ba7496d18b6b4f3b6ecfbb93f62cfda9ff00e0955e1df0d6b1f1db56f0ef8c7e156b922d8de6aba55f4d7d2782679195606bd965b788ac52cd2a43bb7c88ad801972a1faaf8d7fb42693f016e7c3336b904cba1f893511a5b6a88e9e4e9f3ba9688cb92311bed71bc742071cd7ee2fed05f037c3bfb4b7c13f13780bc59a75aea9e1ff0015584961796f7112ca9b587cae0371b9182ba9eaac8a460806bf04be297c08b7f89dfb2bf8b3e16de5e0d5b56f059bef08cb7d2a6e91f52d26692d0cfc9e19e4b7dd9c9e24ea7a9fcefc4be14cbb0f8dc3e63ecf969d49725451d126f6969d7bf7b7a9fa47863c59986270588cb9d4e6a94e3cf072d5b4ad78ebd3b76b9ecc460d15c5fece9f1497e35fc0bf0af8a9786d6b4e8a7946738931b64f4fe356aed2bf9fb15879e1eb4e854de2da7ea9d99fd0185c446bd185686d249af46ae145145606c1451450019c575de03f8b779e14896c6ebfd3b467ca4b6ce01211bef6d3f42782715c8d1554ea4a12528ee8e7c4e1696229ba5555d33edeff00837ffe24c1e33ff827daf87e198c9ff0ad7c5daef83cc6d8dd6c96d7aef0c640e9b609a1ebce31d7ad7db55f887fb15fed6779ff0004e3fdbb34bb56d4ac57e11fc71d5120f10e90d2e26d1b5a976c116ad0c432584f27d9a19b6afa3b13b401fb795fdc7c2f9c52ccf2ca58ba4f7493f2696a8fe1fe28c96ae5799d5c1d55b376f34de8fee0a28a2bdf3e7c28aa573e22b2b3d76d34c96e238efefa2967b784fde9523281c8ff0077cc4ffbeaae8a4a49ec538b566fa9f24fed37fb7d685e04f197c59f863e2c8bec2d1e86cba25d451964bd3369fbda290e7e57f31f0a40da41c1c1193e4dff000451fda32cec0eb5f0cef5963b9beb99357d3598ff00ae3e5a2cb10c9ea1630e001d039ed5e37ff0584f2ffe1b4754f2f1bbfb3ecfccc763e4ae33f862bc27e037c64d4be007c5bd0fc5da4ed6bcd1673208db1b6646529221c8380c8ccb9c646723902bf0ccc38af1187cfd3acef1a53947cf95bd53f45b7a1fd5f92f87583c670738e193553114e13b37a2a918e8d76e67bfae87ec26b1f1d6e3c15fb6a59f82f53bab78f44f14787c5ce9de69dac2fa398ab46a49c1df19271c9ca0f5af65afcbff00dbe7f6cff0bfc4af8c3f08fc69e09d43fb4a6f0ec8ba84d0b2345242eb3c6c227dc383fbb61dc60e790413fa63e15d7a3f14f8634dd521ff0053a95ac5751ffbae8187e86bf4cc873a86331188a1097328c934d6beec97e8cfc238b3862b65b82c162ead3707522d493566a5076d579ab17e8a28afa83e1428a28a0028a28a0028a28a0028a28a0028a28a0028a28a0028a28a0028a28a0028a28a0028a28a00338afc02f0aea1a8fc47fdbbbf6aaf881a848b347ae7c47bcd02c594928f69a4cb35a42ca79c82bdc1c71dba57ee7fc7ff0089d6ff0004fe03f8dbc67758fb2f84741bed6a6cff0072dade499bb13d10f406bf0b7f64549aeff675f0ceb174de66a1e2cb73e25bd90f592e2fd8ddc8c7ea65fd3b57e4be32660e8646b0ebfe5ec92f92f7bf348fd73c19cbd57cf1e21ffcba8b7f37eefe4d9e91451457f2a9fd582492ac3133c8ca8880b3331c2a81d493d80f5afc44fdb7bf68ff00f86a3fda235af135bfda23d2094b4d32098fcd0dbc6a14719201760ce403d5ebf493fe0ab7fb40df7c0afd97a587489c5beade2dbb1a42480fcf0c0d1bbcd22f07f85427623cd041e2bf29fe167c23d6be30f883ec3a3db890c7b5ae25760b1dba138dcc4ff21926bfa3bc13e1bb53a99bd45794bdc87a2f89fcdd97c99fcd9e39f15420e195f372c21efcdf4bbf857cb57f3472f5f427fc127fe36dbfecebff00052af81fe30bebcb6d3f4bd2fc65a726a57570e2386dace69960b891d8901552295d8927036d781ea9a749a46a5716b30c4d6d2344e07665241fd4557afde8fc16324d5d1fde65a5d477d6b1cd0c91cd0cca1d1d1b72ba919041ee0fad7e0df856e6dffe1ab7f6a3b5b77f321b5f8d3e2038cfdd2fe448e3fefe3495c1ff00c130bfe0ec88ff0065efd91acfe1efc5cf06788bc6bae782ec0dae81ad585f4424d5620cde4db5d0755f2bca4d918994c85954165dc097e2ff00e099df1baeff006969be377c44bcb35d3ee3c79f11b50f114968b2f9ab68f761676883e06e09bc2838190a3815f9878b54d3e1e9cfac6516bd6e7ea5e11546b88a105b4a324fee3d63f642f82da87eceff00b38f863c19aa5e59dfdfe8714c934f6bbbc972f712ca36ee00f01c0e40e95e914515fc9d8cc554c4d79e22afc536e4fd5bbb3facf0b87861e8c30f4be18a497a2564145145739d014514500154f5dd4e4d2b4e67b7b59750be99d2dec6ca16026d46ea4611c16d1648065965648d17bb381572b9bf853f14fc3b1ffc1583f665f01f88bcbb9d3756d5eef576b667650b7f6f0eed31c95e4e2e03b0527059149078afa4e12c8de6f9ad1c0f493bcbfc2b57f869eacf9be2ecf165194d6c7758ab47fc4f45f8ebe88f2bd5ff00e09b975e09ff008390ff00673f01f8f35bbcd56f7c59a058f8e3568c5c896deceeada0d42e5ec6d8f96a7eca973a69540ca5ca3659b73123fa30e95f91bfb78c71daff00c1d8dfb23cf0b7fa54be03bb8e5c7f7026bc07fe85257eb957f6d61f0d4f0f4a3428ab46292497448fe21c4e2aae22acabd67cd2936db7d5b0a28af8a7fe0a63ff000519d73f674f145bf82bc12b670eb535a477977aa394b83681cc8a211132950ff2abe5b3c30f979cd70e6f9be1f2dc33c4e25fbabb6edf647afc3bc3b8dcef1b1c06052737aeaec925bb6fb7e253ff0082b0fed0bac7eceff183e12f887c3b343fdada4a6a9218670cd0cd1cab6d19591559495233dc7201ea2bc67e077fc166bc61e07bcd617c55a45af892cf50bc9afa0093bc52d8991b77908cc58792bc8552370071b880057ca7f15be2ef893e37f8cae3c41e2ad527d5f56b955479a4554c2a8c05555015401d940ee7a926b9bafc1730e32c6cf30a98bc14dc232774be496ab6d6c7f5ee4be16e554f26a397e6b4a356a462d392ba7ac9cac9e8ec9c9d8ee3f68cf8eba97ed25f18b58f18ead05b5addeacd1fee2df779712471ac6806e24fdd41939e4e4e074ae1e8a2be4abd69d6a92ab51de526db7ddb3f4ac1e1696168430d423cb082492ec92b243a13fbd5fad7ef27ecece5ff0067ef02b31dccde1fb024faff00a3475f8320e0d7ec67fc1337f698d2fe3c7ece7a469713241ad7836cadb4abeb6320662b1c6123980e3e57084fb10c39c64fe97e17e2a953c655a3376724ade76dcfc27c7ecbebd5cb70f8aa71bc69c9f33edcc924df95f43e8ca28a2bf703f94428a28a0028a28a0028a28a0028a28a0028a28a0028a28a0028a282702800ae67e35fc4cb5f82df06bc5de32bd5dd67e13d1af359b85fef476f03ccc3a8ec87b8af987c7fff0005e1fd9a3e1f789f54d1e4f196b3ab5f68b7b369d78ba4786752bf486e2191a39537c7015255948e091c5788ff00c141ff00e0b6bf007e347fc13f3e33785bc2fe2ad5a4f1578b3c1baae87a569d7be1ed42ca5bbb8bab592dd154c90aae732773ce2b9e58aa31ba72575e68e88612b4acd41d9f93390ff8273ffc1c8375f126dfc236ff00b48786746f01dbfc489dff00e118f15e86acba0c6a0cbfb9d43cf99a4b590958d51c17490c993e5804d7eae58dec3a959c3716f2c73dbdc2092392360cb229190411c10460823ad7e0e780be14697a47c0cd17c1d7d636f7ba5db6910585c5adc441e3942c6a1832b67b8cf3deb6ff00673fdad3e29ffc126ed24ff840f4bd5be2c7c1dcb03f0e1ae025ee8324854b5d69f76d1cb3346a102fd9082b9919948249afca7867c57c1e37152c163d7b397335197d96afa27d9dbe4fba3f58e26f09b1982c2c71b97fef23ca9ca3f693b6ad7757f9af33f7368af35fd95bf6bbf879fb697c2ab5f18fc38f1369de22d22e0059961947da74f979cc1730fdf865520e51c03c679041af4aafd793baba3f1f69a7667cb9ff0005a8f8911fc35ff825b7c6a662bf68f12786ee3c2f6808fbd3ea43ec11e391d1ae01fc3a1e95f9a3f0ebc231fc3ff87da0e8317fabd0f4eb7d3d3fdd8a258c7e8b5f5aff00c1c65afc9ae7c35f80be05b2b9db7daf7c51b0d66ead970cd2e9fa6dbdcdc4cc57aec129b705ba02cbeb83f3193935fce9e3863ef5f0d835d1393f9bb2fc99fd1de06e5fcb87c4e35fda6a2be4aeff00341451457e0c7ef47cc3ff00054cfd94b59fda6be09d84fe1b45b8d77c2b7325eadab4857ed96ed1912220c1ccb958ca82402030ce48af8e7fe09fda2c367e02d67505e6e2eef5627ff7634ca8fcddbf3afd64af9ffe397ec78936b7ab78bbc111db59ead7eaf77a9e92c8447adcea8a11a37ddb6de4c2904852ae58160a72c7f7bf08bc49c3655259666af9695df2cff95be92f26f67d3ae9b7f35f8f9e1563f3fc0cf1d922e6ada7342f6e651b7c37d2fe4f7f5dff0026ff00684f065d781fe306bd6b711f96b71772dddb9fefc323b321fc8e0fb835c5d7df5f133e12f87fe30c69a7f8934dbad3b5cb587779170a6db50b004f743c95c82324321e4827ad797e93ff0004f8d2ed7578e5bcf115e5dd9ab02d025a2c4ce3d37ee3f9815fd3bf5275bf7b866a5096a9a6ad63f92f07c6587c2d2fab6691952ad4f4945c5eeb4feaf63e55afd50ff8221e9e6dbf652d7ae1860dd78a6e31eeab6b683f9eeaf837f6baf05f847e1df89f4cd17c3566b6b756d0b49a862e2499896da6356dcc70428278c70e3dabf56bf609f85b0fc22fd91bc0da6c70bc37179a645aa5e2ba95613dc2899c107a15de17fe035f8af8db8b585c9d60dbf7a735f86aff0043fa43c058ff0069665fda508b508c1bd77d5d97deaefd0f60a28a2bf944feb80a28a2800a28a2800afca9fdbc7f694f11fc12ff0082a9dbf8dbc3f711ff006bfc2ed4b47bfd196e03340b2dbc705d04755652636959c3282372b30c8ce6bf55abf0bff6bff199f885fb50f8f358dc1c5d6b5701181ce511ca2ffe3aa2bf6af04707cf9ad6c43fb10b7ce4d7e899f8af8e18c74f29a3875f6e77f9453fd5a3f4abfe0965ff000511f1f7fc154bfe0e36f81df11be235af876cf56d3749d4f48b6b5d16d65b7b3b6b68348d56540ab2cb2bee324f231667392dd8002bfa5eafe68ffe0cf0fd9e5fe217fc1407c4de3f9a393ec9f0f7c392ac4fe592a2e6f0f92a377407ca13f0739fc323fa5cafe9b91fcc1123bcba4b1b49269182c71297663d001cd7e0afc6ef8a77ff001afe2a6b9e28d49cb5ceb174f3e32488d73f2a0cff000aae001e82bf603fe0a2fe3fb8f86ffb1a78e350b597c9ba96d63b38db233fbe9a385b1efb5dabf1549cd7e31e2963dbab4706ba2727f3d17e4fef3fa7fe8ff93a543139a4b76d417959734befbafb828a29f6f6f25e4e91451bc9248c15115773313d001dc9afc96f6d59fd1cdd95d8ca2af788bc31a97847536b3d56c2f34dbc4019a1b985a29003d0e180383eb50e93a4dd6bba94367676f35d5d5c388e28a242cf231e800151ed22e3ce9e9dccd558387b44d72ef7e962bd7a87ec79f1cf5af803f1fbc3fac68f70c8b35d25a5ddbb3b886ee190ec6591548dd8ddb9739c32a9ed5c0f8c7c372783fc51a86972491cd269f3bdbbba7dd66538247b645697c1dd3df55f8afe1b8235dcd26a76e31ff6d14d5d3c64f0ebeb541da515cc9fa6a8e0cd28e1f1780a94eb252a728bba7b34d1fbd5a36b16fafe990de5ac8b35bcebb9180eb56abc8ff65bf12799677fa533731b7da631edf2a9ff00d96bd72bfa5782789167b92d0cced6725ef2ed25a3fc4ff3df36c0bc1e2a787decf4f4e81451457d59e70514514005145140051451400514514005145140051d682702bf283f6b1ff82e5f8cbf6989752f0cfec96b6ba6e9ba65d3d96a7f11fc47601aca43c027488087fb4ba1120669d1501550010dbab8731ccb0d80a0f138b9a8416ed9dd96e5b8ac7d7586c1c1ce6fa2feb63c33e237c399ff0064ff00f8280fc6ef867ab4fe4cde2af11ddfc4af0d46586db8d2b539999c461785115d25c47b4e0f19c1072766551703f7837f7f9b9ae13c3bf00b4f1f14dbe2278a752d63c71f13af2365bdf146b174f2dc4a5f3bd62881f26de2cb3ed8e245550d81c57795fc6fc699b60f1d9bd5c5e5ae4a12d5df4d7ab567b3f3d4fecce0bcab1981ca2961331e5738ab69ae9d13d375b760cd14515f227d70ff0087ff000b3c47e0cf115efc40f81fe21baf01fc52d1d45f5c6976f318b40f885e59668adf57b652a26c65e2599591e359c9dd9c11fa1fff0004f0ff00829e7873f6cbd3dbc21e22863f04fc71f0cdbaa78abc1b760c72413aa8124f66c4b2dc5a336e29246eff002e371e84fe7be8babcfa06ad6f796edb26b670e87dc7afb55afdbcae3e1d6bbfb2edf7c5af104ba9687e21f87100bdd17c41a24be46b5a25fb32a44903ee1bb7caea9b1f28c243c6791fb47879e2362b0952196e313a94db518f5946eecaddd797ddd8fc0fc49f0f68ce53ccf09683776fb37d6fdafdca1fb797c52d77f683ff0082cf7c44695966f067c16f0f5af84b4ad8f98fedf7915b5f5dbe09ff0058b9f298803e5500e6a2af39fd947c09e20f00fc11d363f17dd0bef18ead3dceb3af5d9fbf737b773bcf233f03e61bc29c003e4e2bd1abe278f73c59ae755b110f813e58fa474bfcf73f4ae02c8de559251c3c95a4d734bd65ab5f2d828a28af8d3ec828a28a00e5fe227c18f0bfc558f76b9a2d95e5da446186f827977d6aa79fdd4eb8923ea7eeb0ce483904d7cebf1fff00613f19dbfc3d9adfe1af8b7ed17ab1b294d6d17ed9202a788ee63088ad9c005a3e3bb7193f59515f59c3dc719d64aed80aed47ac5eb17f27fa599f13c51e1cf0ef10da59ae16339ada564a4be7d7e7747e64fecb1ff04a9f889abfed01a7eb1f15b498e0f0ed8ca6eeeccfaa417b2ea8ea0948fe4790952e1376fc657207278fd348a25822548d5638d005555185503a0029d4567c53c5d8fcfebc6be36cb955928dd25ddeadeafaea7770af0865fc3f87961f009fbceedbb5fc968968ba2b0514515f2e7d405145140051451400e8c65d7eb5f8a1a47eca3aa7c4dd3349f105adf42b6fabcf7526a92dc381f63297522120756f95738f5079c115fb5b5e4be22fd863e1678ab55d52f2f3c30e64d6a63717b1c3aadec36f3c87ab181261173d4fc9827939c9afd4fc31e36c070ed5c44b1f4e5255146dcb6d1c5bdeed68ee7e43e2df01e6dc4b87c34728af0a72a72937ce9b4d4925a5baab5d1f627fc1a6ff00b22ddfecf7fb09f8b3c59a9e9735acff0011bc5535de8f7932a2c9a9e8b0431476b3e07ccaaf21ba601b19043018209fd4eaf84ffe0803fb445d7c41fd902fbe186bd3aaf897e04eb12f83638252a97171a3c28874cbad9f7bca6b76112b91f31b77e4904d7dd95fd5787c4d3c4528d7a5f0c926bd1ea8fe5aaf85a986a92c3d6f8a2ecfd568cf8b7fe0b6de396d13f67dd03438d994eb9aa7992007efc70aee20ff00c09d0fe15f9735fa1dff0005df7222f862b9e33a99c7fe0257e78d7f3df88555cf3ba89fd9515f827fa9fda3e0be1d53e16a535f6a536fff00026bf40afa13fe09f7f0ad7c53f10af3c417b6b14f61a2c3b613228602e58aed201eeabb8e7b122be7b1cd7ddffb08f83dfc29f006da693efeb5772dfe3d14858d7ff1d8c1fc6bf25e2bc64b0f80972ef2d3fcff0003ea38d730961b2c9286f37cbf7eff0081d17ed03fb39e93f1f34148ae9bec3aa5a83f65be48c33479fe16191b94fa678ed8ae47f673fd8bacfe0b789db5bd4b518f58d4a1056d36c1e5c76c08c16e49258824678c027af5af71a2bf2ea79c62e9e19e1233f71f4ff827e3f4b3cc6d3c2bc142a3e47d3f4bef63f36fc61e10d57c59f1bf58d22ced65bad56ef55b88d210406763231ea4800639c92062bacfd903c17752fed41a4d9dd5ab2be8f35c49788c01f21a38dd79f7126d1f5afb3f4ef837a0e95f14afbc630dac8bae6a107d9e693cc26323083217a06c228c8f7f535a3a0fc3fd1bc31e20d5355d3f4f82d750d6995ef664183395ce09ff00be8f4ea4d7d56238c632c3ca8421bc2d7f3b59fcbb1f638ae3a5530b2c3421bc146fda4d59fcadb1ec9fb2da31f1bde363e5164c09ff0081a57bc57cebf08bc5b1784e391d1dfed5349bdd40e3c98d1988fab1c7e55ecdf08f54935af87f63752b16927695d891dccaf5fd27e06e7585fec8a59441dea5a737e5ef455bff002647f30717616a7d6a5897f0e897dcff00c8e928a28afde0f8f0a28a2800a28a2800a28a2800a28a2800a28a2800afcecfdbf3fe08769e3af88327c52fd9ef58d3fe18f8ca18e5bbd67c2f05804d07c7732aa98a39916448ed666c3a9b854624cbb88c824fe89d15cd8cc1d0c5527431115284b74f63ab078daf84acb1186938ce3b35a33f03f41f8bd79a1fc549be1afc46f0e5ff00c37f8ad65119ee3c33a8b898cf10cffa45adca0f26e613b5f0f1b13f23640c57715fa0dff059afd89e6fdb3ff626f105bf872daca3f897e0ef2fc43e0fd4a45226b3bcb6916568d1c02c04d1249115e87cc19e808fcd7f847f1374df8cdf0cf44f14e92cc74fd72d12ea20df79323953d7956c83ee2bf963c4ce05a391d58627057f6552eacf5e56ba5fb35b5f5d19fd55e19f1d56cf28cf0f8db7b5a76d569cc9f5b7469ef6d353a2a28a2bf2b3f540af9cfc79a86a1fb547ed53a7f842c64fb67c30f87928bbf162173f66d4b551bcc1652467024f2488e53c32824838205777fb567ed0b1fc06f045ac362bf6af1878b2e3fb1fc3365b430b8bf97091338247ee91d90b9ce70401c915a1fb317c0e4f801f096d347926fb66b57b236a7ae5e6fdff006ed46601ae250700ed2e30b919daab9e735f5196df2fc1cb3297c73bc69fe529ff00dbab45fde77e87cce656cc3171cba3f042d2a9f9c61ff6f3d5f92f33d068a28af973e9828a28a0028a291dd634666215546493d00a37d005a2a8f86bc4da7f8cb40b5d534abc8350d3afa3f36dee216dc92af4c83f81abd55384a127192b344c64a494a2ee9851451525051451400514514005145140051451401caf813e3049fb097ede5e03f8f775ad5e69de0031af84fc7f670b32c32d8dc1923b4bc9157264f22ea78891b4b6d1c6066bf7881c8afc27f8a9f0df4ff8c1f0e35af0bea8bbac75cb47b4971d5770e1875e54e08f715fa79ff0468fda6b56fdb03fe0991f08fc7baf2edd6f51d2e5b0d40818f367b2ba9ac6493a9e5dad8bf5fe2edd2bfa93c1dcfa78ccb2781aaef2a2d25fe196df734fe563f967c64c82182cce18ea2ad1ac9dff00c51dfef4d7e2788ffc17807c9f0c4ffd84c7fe9257e78d7e99ff00c1727c20da8fc23f06eb6b196fecbd4a6b5661fc0268d4f3dfac43fce2bf332be4fc40a6e39dd56faa8bff00c952fd0fddbc19aca7c2b422becb9aff00c99bfd414ed35fa55f032cbfb3be0af8461dbb59346b4dc3fdaf2509fd735f9aa06e38f5e2bf503c136e2d3c19a442bf762b28500f611a8afc378f2a3f654a1e6d9d1e2454fdd51879b7f81a9451457e6a7e4e1451450000e0d7befeccfaff00f68f8264b26237e9f29039fe17248fd77578157ad7eca97c63d5756b7fe19228e4ff00be491fd6bf58f04f3296178b2843a545283f9c5b5f8a47ccf17505532d9cbac5a7f8dbf267b5514515fde07e3a145145001451450014514500145145001451450014514500046457e0d7897f677d33fe09e1fb6d7c46f81362ecba06a2c3c7fe1159188f2b4cbd90c2f6abb892c20b88645dd925838240afde5afcd1ff00838d3e02c9a67c3bf877f1efc3fa616d73e1debb0691e26d423daa62f0cdd9713b498c3bac373f6791402769791b69e48f97e32c8619be5357072ded78becd6abfc8face09cfa59466f4b16be1bf2cbcd3d1fddb9f3ad55d775eb1f0be8d75a96a7796ba7e9f651996e2e6e651143020eaccc78007a9ac3f0878ea2d42de38aea64f3180f2e5fe1941e7af4fc7bd787fc50b4ff86e3f8dd75e01866b96f85be099049e24bcb36685f50d6237651a5b3370f12a3091f6a91b801b810b5fc8f87e1daab152a78cf729c15e52f2f2eedbd12ee7f5f62f3c82c3c6785f7aa4dda31f3f3ec92d5bec687ecbfe1ebafda33c6b27c6cf1558cd6eb7686dbc17a45da9dfa0d92ee49673c2867b960240594955dbb588231f43532dede3b4b78e18a348a289422222ed5451c0000e001e94faf3b36cc9e32bfb44b960b48c7a462b64bf57bb776f567665797ac250e46f9a6f594baca4f77fe4ba2b25a20a28a2bcc3d20a28a2800a3af5e7d8d14d93fd5b63ae38aa87c48996ccf9eff62ff1945e06f16f8e3e176a93c7697da3ebb77a9f87ada460ad71a45c39922f2f3cb88dfcd5246718f6afa1abe5afda2fe0eea1e279ecfc61e0ff0026d7e23f8572fa45cb308d2e9093bed663c168d95a4c0dc30cd9c8e73ea9fb33fed43a3fed0fe1259e1dd63acdabfd9b51d3a71b27b19c70d1ba9e41c8e0f461c8f41fa2716f0fcaa47fb5708aea56e75d632b6fe92dfd6e7c370d672a8cff00b2b14ecd5fd9be928df6f58ed6ed667a8d14515f9c9f761451450014514500145145001451450003ad7da9ff0006e1cbf6bff82407c35bc4cfd9f50d47c45750291c246fafea2571ea08e73ef5f9cbf1db5cf1278beeb4bf857f0d1a1bdf8bff001219ac3c37605f615400bdd5d3392163486dd66937330f9906031e2bf723f66efd9ffc37fb2afc08f0afc3af08da7d8bc39e0fd3a3d3aca32177b2a0e5dca800c8ec59d980196663debfa43c13c9eb51c357cc2a2b46a3518f9a8ddb7e97765f33f9bbc6ece28d5c450cbe9bbca9de52f2bd925eba36fe4797ff00c1533c22de2dfd893c61e4dbb5c5c69ff66bc8c28259765cc5bdbf04de4fb66bf1b7a57f409e38f0adaf8e7c1daa68d7d1acd67aa5ac96d3232ee0caca41e3f1afc07f10e8973e1ad72f34fbc8da1bbb199e09a36ea8ea4a9071e8457478a58271c551c52da516be69dff27f81f63f47fcd14f0189cbdef0929af492b3fb9c7f129e715fa75f0defc6abf0ebc3f74bcadd69b6d283ebba253fd6bf3154e0d7e857eca3e3bb6f187ecf9a1cf1b7cda3daae9f700ff03c0817f55da7f1afe71e39a12950a7517476fbcfbdf1170f2961e9555d24d7deb4fc8f4aa2b9df84ff0012ec7e2ef80b4fd7f4f568e1be43ba26fbd0ba92ae87e8c0f3dc60f435d157e6b529ce9cdd39ab35a347e4d5a94e94dd3a8acd3b35e6145145666615ec1fb2c687324fa9ea1246eb1322451b95e1ce496c1ef8c0ae63e08fc304f1feb324d77b85859e19c0ff0096ad9185fa119e6be83d334cb7d1aca3b6b5863b78231858e35daa3f0afe8ef043c3bc4d6c5d2e25c4be5a5072e45d64ece37f24aefd5a3e0f8bb3ca71a72cbe9eb276bbedd6dea58a28a2bfae8fccc28a28a0028a28a0028a28a0028a28a0028a28a0028a28a002b99f8d3f09f47f8f3f07bc55e07f1042d71a0f8c747bbd1351895ca3496f730bc3280c395251ce08e475ae9abc8bf6e4fdb17c33fb0a7ecd7e20f887e25759869f098349d343b2cdaf6a4e8df65b088aab9124d20081b690a0963f2a922652495dec5462dbb4773f9daf8bbe08f1f7ecc3e3fd5ff650b0bab993e2af87af5b4fb4d78c5bac22d25825dc37ace54903ec92ac43e4244aa4672013f4d7c06f831a5fc01f857a4f863498d447630a9b99f9df7b7040f3677249259db2c7d33818000aaff0f60f157c50f89be30f8c5f12ade3b7f895f12ee52e2fecd2459a2d06ce21e5dae9f0b827e48e254dc4637392482466bb8afe43f10b8928e371b3c1e03f831936dafb52eafd16d1f9bea7f62787fc3f88c2e069e2f30fe338a493fb31e8bfc4f793f9740a28a2bf393f420a28a2800a28a2800ac1f8a5a1eb1e25f86baf69fe1dd4bfb1f5fbcb09a3d36fb3816b7250f94edf2b7ca1f6e783c678adea2b5a15a54aa46ac778b4f5d569e4675a92ab4e54e5b34d69e67cdbf02fe2c4df10747bad2f5b46b3f1a78665feced7ece5558dfed28aa1ee2341d6de5625a37c00c0f1d2b1fe347ecf5278975c3e30f05ddc1e1bf8896c8a916a4c0986fe251ff1ed729cab46d85f9b6965d8b8e98aee3f6abfd9aefbc61ae58f8ffc0f341a77c44f0fc7e5c6924823b6d7adb273697072063058a31ced6c74e08c3f82df1d34af8d3a6dc2dbc7369baf698de56aba35d0db79a64a0e0ab8c0c8f471c104743c0fddf2bcc562682c76115ba4e36f85be96eb17d1edd1ea8fc7f1d8454aaff67e35a6f784afac92ea9f49aebd7aad09be06fed90cbac2784fe2158cde15f1542046915c955b4d55b9cb58ccc7f7eb8da5870ca5b1838afa034ed52df55843dbcab2719201f997ea3b57887c45f857e1ff008b5a27f67788b49b3d52dd7263f3a3064b7638f9a37fbd1b703e6520f15e5da1f86fe2a7ecc2665f0dcd75f14bc3d34cc6dec2f752165aae9287eeaadc4accb346aaa06d3b4e4f1819af1f34e12c0e64dd5c2b54aabfb2fe16fc9f4f47f79ea60788b1d97254f149d5a4bed2f897aa5bfaafb8fb228af0df833fb72784fe27ea7268ab7925bf882d76adce99a844d657d031fe131b80243fee123a7ad7b169de27b1d4d9563b85f31bf858153fad7e6f9970de6181972d7a4fd6da1f7597e7981c6c39f0f513f99a15e05e22f8d1e38fd99fe24ead7bf11a4b5d6be19eb9a837f65eb1a6daed6f0a465f11c77c0281e536f451282c7729ce37015efa462aaeb7a1d978974ab8d3f52b3b5d42c6e90c73db5cc4b2c5329eaacac0820fa1ae5cb7194684dc7134d4e12d1ff325de2fa35f73d9a68db30c2d5ad052c3d4709c755d9f949754ff000dd6a4d6d731de5bc7343224d0cca1d1d1b72ba9190411c10477a2eaee2b0b59279e48e186153249248c1563503249278000e726b97f823f08acfe057c37b0f0c69fa86afa958e9bb9609751b937132216242063d1547000e0015d0788bc3d63e2dd06f34bd4ada3bcd3f5085adee2093eeca8c30ca7d88ae6a91a31aee309370bef6b36afbdbbdba1d14e55a5414a714a76daf749db6bf6bf5383f82bf1f27f8ebe26d6a7d1f43b887c13a63bd9da6b972e13fb62e524c33db20c892d4af2b36e1b9b200e091adf17fe34587c27b4d3ed56deeb5bf1478826165e1ff0f69e9e76a5af5db1554860887ccd96740580c2ee19ea01cfd5bc6dff00081ebde1df85ff000dfc1f7be34f1e5f5a22683e0ed1f10b0b54f904b24ac3cbb7b74db8324840faf247e907fc12e3fe09331feca2f79f117e2ade693e3cf8d5e2231caf7cd66b25a7842255702cb4c2fb9a2521cf9922153290091c73faaf08f87af3cc57d72a5374b08b6bfc53b7af7ddbdba23f29e30f10964785fa9d3a8aae29ef6da17ef6edb25bf561ff000483ff0082695dfecafe16bdf899f142df4ed53e3a78e94c97f7919671e1bd39c2343a3419c26d84ee2eeaa0bbb3659c2a9afb6a8a2bfa830f87a5429468d18a8c62ac92d9247f2de231157115655eb372949ddb7bb6c2bf23bfe0af1f0723f861fb554ba95ac532d9f8aec53522c570827def1c8a0e00cfc8ac4727e7f715fae35f2c7fc159bf66db8f8e1fb3b7f6c6956eb36b5e0d91f51ebf3c968236f3d064819e11fb93e5e0726be578e32a78ecae6a0af287bcbe5bfe07e87e14f10472ae20a52ab2b53a9ee4bb6bb37e8ec7e4757a1fc25fda475bf843e0dd7343b18ed66b4d691883206dd6f295085d7079ca8c60f70a7b107cf08da7068afe69c461e9d68fb3aaaebfc8fedac56168e269fb3acb9a3a3fbb63e92ff82757c498f45f186ade1bb891946b51a5c5b027e512c7bb701eecac3fef8afb0abf37ff00675d524d23e3bf84268d8ab36af6d09c77592408c3f2635fa415f96f1a61552c6aaabedabfcd687e3bc7d838d1cc1558fdb577eab4003269c2090b6df2db77a62bacf825e146f1578fad471e4d991732e7baa91c63dce07e35f4245e0fd2a0bbfb4269d66b30390e2150d5f5fc05e11e2f89704f1f1aaa9c14b955d3774b76bd363f1eceb89e9e02b7b1e5e676befb1cbfecff00e12baf0a782585e42d05c5d4ed36c618655c28191d8f07f3aeea8a2bfb4787f25a39465d4b2dc3eb1a6ac9bddf77f367e538cc54f135e55e7bc9dc28a28af60e50a28a2800a28a2800a28a2800a28a2800a28a2800a28a28022bdbd874db39ae2e268adededd0c92cb238448d40c9624f0001ce4d7e20fed49fb5ec7ff00055cfda7b4df1a694b7f0fc12f85f2cb6fe13b4be84c2faf6b00912eb21795681636f2e039ce448c429256be8fff0082e1fedc7a978bbc4adfb28f8024bcb2d5bc5da4c7a8f8dfc4f6930cf8634a691b16aab8f9a7bb11188fcc0a472eec1dc08f9bfc3be1db1f08e8167a5e996b0d969fa7c2b6f6d6f10c2431a8c051f415f8c78b1c69f51c3ff64e125fbca8bde6becc7b7acbf2f547ed5e12f057d7711fdaf8b8feee9bf753fb525d7d23f9fa1728a28afe623fa7828a28a0028a28a0028a28a002807068a2803c4f53ff0082757c19d735ebfd52fbc0f63797da95cc977712cb7139df248c598e37e0724f03a5626bdff04aef81fada9d9e103a7bf67b3bf9e3653ea3e722be87a2bde87146710f871553ff00027fe678753867299fc78683ff00b757f91f33e89ff04c3f0ef81a769bc2bf107e29786e4fe18e1d5e29add7eb1c909cf53d4f7a8fc55f08be3c7c3d655d03c45e03f1969aa71bf5db0b9b4bd03ddad8943c01c95ea4f4afa728af530bc759ac269e224aaaed349fe36bfe279f88e0ccb651b61e2e93ef06d7e17b7e07c3bf17fc6f63e36d11743f8aff00087c5522aab03aa69366355b2b204732a4f19124581827e4cf1d0e2abfc32d3f52d074786c7e0dfc56f0ef8aad23405744f15cff006b92d063ee07836cf1055c7c8c87041cf7afb03c4fe04f3775c58aed6ead17afd3fc2bc27e20fec8be03f885e263ad5d68ada6f88533b353d32e65b1ba89b27e6cc6c159b9392ca739afd4f27e26c1e3685a378aeb1f8927e717aaf54cfcf736e1ac661ab7326a4ff9be1935fe28e8fd1a285afed59e32f85a63b7f147c37f18b5c29c4977e18846b160c3aeec06591540eb94c8e7ad763e1eff008282f81754555baf13e83a4dc28fde5b6b0e74cb843dc1598af23b815e7eda57c61f8380dc5bea567f16b4fced163731c3a3ea56ebd772cc331cb8c630c149c8e68f0f7c4dd23f6bef1c58fc37f09fc39b9f881f16352f3238fc1d7f6d158cb0bc4a64984977720408a8a8e770721b6f1d4574d4e1bc063e7fc053bf583fcd4b55f3d0e5ff0058b1997c2f3aee9dba545f94a3a3f95d9ed16ffb687c3b36cd34be2ff0988d012ce9ae5ab281ff007dd769fb3ffc3cf8c1ff000515d49ac7e09787dfc3de138d87db3e22f8ab4f962d164889653fd981726fa6564914e311a328dcd8615ebfff0004f9ff00835afc19e0df8876bf113e3e69fe13d7b5085126b0f046896d2c3a3e913ac8922c93dc0903deb0da54c6ea21218e55c57eb7e83a058f85746b6d374cb3b5d3f4fb38c456f6d6d12c50c083a2aaa80140f402be8b2bf09b26a156388af1726b5e56f4f9f7fc8f89ce3c5ccdf114a586c33504f4e64b5f95f6fccf02ff0082757fc1353c0bff0004e1f871aa697e1a9b52f107893c517adaa788fc4dabf9726a3acddbaaef2595576421949488709b8f2c4963f44d1457ea518c611518ab247e4f39ca727293bb7b85145154485366896e2268e45578e405595864303d4114ea280db53e53fda07fe0919f0dfe337882eb58d2e4bef07ea37406e8b4d4896c770006ef276704e39daca0924f526bc07c65ff000433f145aabb681e33d0ef8eef956fa096d7e5f72824e7f0afd2aa2be571bc1793e2a6ea4e959bea9b5f82d0fd032bf143897014e3468e25b8c744a494b4ed76aff89f85fe1df863acfc1efda9b41f0cf882d5ac757d2fc41631cf16770199a360c0f752a4107b822bed6b4fda2bc1d73fb4ef823e11ff006b7fc561e3e6bc5d322485e4801b4b696e661248a0aa111c4d81d49c71debe3bfdadbc7da978c7fe0b4bfb4a6877f7125c69be13b5f0c1d32173f2da34da444f295ff789079ce08c8ea6bcd7f6b0f8917dfb3ff81f45f8b1a344d26bff000a35fd3fc4363b7ab20b98e1b98cf04057b796556241c0fcebf9a73fe15c07fadd472acc1b74949474766d4ece377e5757f9d8fdbf34cc2b71170dc73da3eed585395e36ba728b7cd6f276d3f13f7a3e1f7c3ab1f87ba57936cbe64edfeb676037c9ff00d6f6ae82996f70b776f1cb1b2bc72286565390c0f4229f5fd6596e5b86cbf0d0c1e0e0a14e0ac92febf13f95abd7a95aa3ab55de4f76145145771885145140051451400514514005145140051451400514514005788ffc1437f6cdd2bf60efd947c51f102f962bbd52d60367e1fd35b96d63559414b4b5001048794aeeda721031ed5edd5f885fb6cfc75b5ff82927ede979e22df6bac7c29f81f7274cf005d5b387b5d635291633a8ea2b22e04ab1cd0a411f2e9fba661824d783c4b9f51c9f2fa98eaff6765de4f65fe7e573dfe19c82be7398d3c051fb5ab7da2b77fd75b1c97c20f08eb165fdbde2cf175d36a1f103e226a72788fc4f72cdbd52f2700b5b404e596d60ff0057121276aaf1d6bb2a28afe27ccb30af8ec54f17887794dddff5e47f6de5b97d0c0e16184c3ab420924145145709dc1451450014514500145145001451450014514500145145001587e23f0543acee9a1db0dc9efd11ce792dc673ef5b94575613195b0d53da517666388c3d3af0e4a8ae8f2fd4b4ab8d26e1a39e36465fc8fd0d727e32f853a478cb5083522b73a4f886c486b1d7b4a98d8eafa6b7f7a0ba8f12467b70704120822bdf19438c30dc0f5045556d0ecddb71b5b727d760afb8c1f1d4a8da6e0d49758b3e5319c254ebc5d393528be92572cfecd3ff000561fda2bf6386b3d37c417507c7bf87766de6dd3eaf2ba78da08fe5dcb0dc02b6f75b5549559555d99f1e6018c7e8bffc13ff00fe0aff00f067fe0a342fac3c1ba9ea9a078c34b72b7de13f135ba69fad5b0f9b0de50775914aa96cc4ef8046eda4e2bf38d34eb78feedbc2bf4415c9fc5efd9efc19f1e34886c7c59a059eab15abef824dcf04f6ed90731cb1b2c89d0676b0ce39cd7de653e35fb392863a8b947f9935ccbe5649fde8fcdb3af0569d54ea65f55425fcad3e57f3dd7dccfdeaa2bf12fe077ed57fb48fec633c10f837c796df13bc07a6c02dacfc0fe3389565b588602ac1ab20371f22a84559848a0124e4e2bec4fd8fff00e0bf5f0afe37d88d3be2cd8dc7ece9e3257f2ffb37c6978b6fa6df72c3369a8c8b14338002e41084170003d6bf61c878bb2acde17c1554dff2bd24be4ff35747e2f9f707e6d93cad8da4d47f996b17f35fad99f785154f41f1058f8ab45b5d4b4bbdb3d4b4ebe8967b6bab5996686e2360195d1d4956520820824106ae57d29f3214514500145145007e087c79d77ed1ff0005e9fdadadf39f36dfc38dff007eb4ab44ff00d9eb7fe207822c7e25781b57f0fea51acb63ad5a496732900fcaea573cf1919c8f715e4bfb5c6aff00f085ff00c1c9ff001b219a40b0f8a20b7b341fde922d174a9f1f9357b957f27f8b0a743895e221bb8c1a7e6b4fcd1fd65e12ca188e195427aae69a7e8ffe1cfd10ff008227fed0fabfed45ff0004bdf847e2cf1036ef102e99368da9ee24b9b8b0ba9ac599c924ee6fb386249e4b67bd7d515f937ff042cf8f5aa7c30fdbb7e317c0dd422920f0cf8aac13e21f854b00215947d9edb528d58e09679a449360c80158f19c1fd64afe9ec9f31863f034b194f69c53f4bad57c9e87f30e7596cf2fc7d5c154de126bd6cf47f35a8514515e91e5851451400514514005145140051451400514514005145437f7f0e956335d5d4d15bdbdba196596460891a8192cc4f0001c927a5007c3dff05d9fdb7bc61fb337ecf3a2781fe145d5ac7f16be2cea0da369a4bb2cfa469e2191af352420a85687f76aac4f0d2a9018ae2be11f865f0df48f841e00d2bc33a0daad9e93a3c020b78c6324649666200cb3316663dd989ef49e36f8c537edadfb6dfc4af8d978ab26976b3cde04f03cd18c433f87ecee19c5d211c48b7372d2ccae7276ed00edc0adeafe57f16f8a1e3f31fecea2ff007745ebe72ebf76cbe67f55f847c2cb2fcbbfb46b2fde56fc23d17cf77f20a28a2bf233f5d0a28a2800a28a2800a28a2800a28a2800a28a2800a28a2800a28a2800a28a2800a28a2800a28a00c9a16ba206edab0eb5e63a6f84bc59ff00051ff13dcfc39f823e15f0ff008fed6c2f61b1f177893578619b43f0845310be76d99956f260be6388e1f3083160839c5794681e15f107fc14075dd4f52f136a4fa5fc1cb3bc9ec6c7c3b633986f3589ade568ccf772a00e91b7cc3ca593aaa9c02371fa13f633f8cb0ffc127bf6bef0deade1dd2e3d3be0cfc55bbb2f0df8eeda2dab6da1cea441a7eabb9f88628fcd91676dcaa54ee60cf823f58e09c8f29a19cd2c2e6951badd22b48c65ba8ca5bb7e4b4be977b1f94f1c6759b56c96ae272ba6952eb27aca51d9ca31d92f37adb5b23f5aff00e09edfb09f867fe09d3fb33693f0d7c2f7dab6ad6b66ed77797da8cdbe5bcba755123aa0c2431fca02c4802a280393963edd4d8274b985248d9648e4019594e5581e841a757f566da1fc9bb85145140051451401fcd8ff00c15f740d4b44ff0082f778ebc5d0ab4763a178ebc176372ea70163d5742b78093ed9b22318e73dbbfd2c6b53fe0b93f03d63fda97e3c37cdf6af1e7c26d3fc65a411f79f50f0e4f3b6c5e393b248b8193f3f55c8ae27e0ff008e47c4ff0084be17f1200abff0906936ba890a7ee99a15908fc0b63f0afe63f18a9f363a356df0be5f938a92fc79bee3fa4bc11c67fb357c237d5497e29fe865fc4bf1d6a5fb3f7c4df863f187499a6b4ff855be29b5d535f96dc959a7f0fb131ea7071cb2985bcc29ce4c4382715fbb9e0df1769bf103c21a56bda3dd477fa46b7670dfd8dcc7f72e209503c6ebeccac08fad7e26f88f40b5f16787aff4bbe8fceb1d4eda4b4b88cffcb48e4528cbf8a922beb4ff008200fed75a8f8b3e1b789bf67bf15dbb59f883e03adb69fa05c4a42b6bbe1c6f323b09d416cc8f0a422295954229310eac6beabc17e205570b5329aafde83e68ff0085eebe4ff33c2f1ab87dd2c4d3cda92f766b965eab67f35f91fa21451457ee47e14145145001451450014514500145145001451450015f057fc1c11fb445c7843f64cd3fe0df86f58bed17e20fc7cbc3a1e9373692345259d85b34571aa5c1618f945a83115dca5bed000cf22bef5afc5afdb7be2e5c7ed4dff054ff00883a84df67baf0afc14b4b7f07f85ae2dcee8a5bab8863b8d59cb720c892f9501db8c794411915f35c5f9daca728ad8d5f1455a3fe27a2fc75f447d3707e46f36cde8e09fc2dde5fe15abfc34f99cb7807c1b67f0e7c0ba3787f4f18b1d0ec61b0b7c8c1d912045cfb90327deb5a8a2bf892a549549ba93776dddfab3fb7a9d38d382a705649597a20a28a2b3340a28a2800a28a2800a28a2800a28a2800a28a280391f14eb97fe1ff0010b7973b18e45122a372a074fe60d4b65f12d5dd56e2d76faba3e7f4c7f5af3efda3be1f7c4f975d7f107813c45e1f9add6048e5d0fc4168ed6a841c19229a0c4aa482090c1864139c703cff00e0cfc4bf8b1f14be18af8aad7e0c6b7e22d17ed973622f3c39a8dbdd2cf25bc8d1c8522919242bb958038e4f4afd5b2dc932fc76590c45470d2d193e6e569bd93bdb57f34cfccf38e279e578c74abb94149b71baba6bcad7fd19f4de9fe26b1d51f6c370a5cff0b02a7f5abf5f33cbf16bc6d6b2f9727ecf1fb45993fe987831ae17f3490d6b685f1dfe21692bfb9fd9eff69af2ff00b8ff000e6f197f43fcab8715c01524b9f0734fc9b8bfc53fd0db0be23e5addabcd7aabfe4d1f41515e27e06fdaefc41e3af14eb5e1fb1f807fb456a9e21f0da5bc9ab69da7f80ae26bad356e159a033c21b7c424547285c0de1188ce0d751ff0b6fe22348153f65afdaca427d3e1adc28fcd9c0af1ff00d41cfdbf770d26bbab59fcee7b11e3de1f6aef1505f33d128ae32dbc5bf15ef36f97fb2bfed43f31c0f33c16b1fe7ba7e2b66d749f8db7c81a2fd96fe3e60f3fbdd2eca23f935d55c7c3de237b6125f87f9994bc43e1c5be2e3f8ff91b540383583a95afc68d1e2692e3f65bfda1195793f66d12d2e1bf24b926b06fbe23fc4cd2e455b9fd967f6ab4ddde2f87d25c28faf972b529787dc451d7eab2fc3fcc71f1078725a2c5c3f1ff0023cbbf651bdd7be1d7c51f8b7f0ff4bf0378fbc69aa2f8c6e75fb1b5f0e68925f476f657e892c6accbfbb89438900dcc3273c75af7fbefd82ff6b0fda8fc3daaf84a5fd9fec3c13e1bf1359c9a7cbad78abc67619b68e552865fb1da99a6dc99dc0120e40e87a7ad7fc10eec3e206abff051bf88be24d63e14fc58f87be12d53e1dd9d9b4fe31f0b5d68cb73a85bea0c5523320d8e7c99c9e189f95b8c0c9fd6cafe81c87c3fcb2bc29669985197d624a2e49c9a4a49257b2b6b757d6fa9fcfbc41e2166742a55caf2fad1fabc5c945a8a6dc5beeefdeda58f3bfd917e136bdf017f659f877e07f136bb1f89b5ff0007f876c746bed5923741a8496f0244653bd99896d992cc72c72703381e894515fa89f9585145140051451401f987ff0005e532f813f6cbfd917c55258adc683af6a9ae7c3ed689e1655d563b248236ef82f149d3df915f0ffec731dc782f4cf1e7c39badcbff000ab3c5d7fe1db0593fd63e9aac24b390fb344f81924e17935fac7ff05bef8370fc48ff00827b78b3c4f1451b6b9f075e2f891a448c06639f486fb6300704fcf1472a60119dc391d6bf2a3f68ed5ae3c2dfb6ff00c2bf8a5a2436f6bf0fff00680f0cc1617f81b7fe2629049756b3381f2ef785e1883124908c3d0d7e1fe2a65bed6b72a5ad5a6daff1d2f7adeae0e4977b1fa8785f9cac0e670737eec9f2bf49689fca563d62b8df11fc5dd4bf630f8ebe0cfda1b45b4bad51be1c2dc5a788346b66f2db5dd1aec2c73a16c1e6dd8adca8da7262238cd76551dd5ac57d6b2433c71cd0cca5248e450c9229182083c1047041afc1787f3aad94e614b1f47783d5775b35f35747f4ff001064b4736cbeae02bed35a3ecfa3f933f6abc1fe2fd33e2078534dd7345bdb7d4b48d62da3bcb2bb81b747730c8a191d4f7054823eb5a55f945ff0429fda56e7f667f8c3a87ecb3e26d5754d5741d46d26f13fc3ad5352ba32b410218e3b8d177311cc58f3e2545c6c6932410057eaed7f6de579950c7e1618cc33bc26aebfaee8fe20cd32daf97e2e783c4ab4e0ecff00af30a28a2bbcf3c28a28a0028a28a0028a28a0028a28a00f2bfdb97e3cc9fb2f7ec6bf14be224261fb67837c2da8ead64921f966b98ada46823e87efca117a1fbd5f8a1fb20f83b5af067ecf9a1af89a66baf136b0d3eb7ac4ef8f326bbbc9e4b990b638c8f302f1fdded5f7effc1c67e3bd434dfd94fe19f82ec26db0fc4af89da3689abc2188371a6c6b717b70b81d54fd963041c821b04735f2680146140503a003815f80f8df9b350c3e5b1eb79bf968bf367f40781f94273c46672e9682f9eaff0040a28a2bf9e4fe880a28a2800a28a2800a28a2800a28a2800a28a2800a28a2801b713476f6f2492ffaa8d4bbe7fba064fe95ea5ff0423f8516f6ff00f04b3f85579aa46f35d6a906a1a83231da079fa9ddcaa783ce51d4ff004af9dff697f187fc201fb3cf8db5853b5ec345ba910fa3794c17d3b915fa0dfb06fc378fe117ec55f0abc391c6b18d2fc2da7a3285db876b7477e3d4b3127debebf2ca71fec6a8a6afcd563ff92c65ff00c923f11f156b5f1b86a7da327f7b8afd0f52b0d1ed74b8f6dbdbc30a8feeaf3f9d58eb4515946318e91563f2d3c5ff00e09e405aff00c15c7f6ac48c7cb77e17f044d2fbb2a6aa83ff001dafbdf683dabf3fbfe099da97f6bffc15bbf6d0538ff895699e02b253e9bb4fbf9cff00e8d15fa055fd71c2716b26c327fc91fc8f82c77fbc4fd58631451457d11c814628a2800a28a2800a28a2800a28a2800a28a28031fe22f80f4df8a7f0ff005df0c6b56e2eb47f11e9f71a5df40491e7413c6d148b91cf2ac471eb5f8790fc05d43f696ff8279fc4df80b15d1b4f147c11f145ef81749d45e2c3bcfa25cc6f61305e0af9b6e214ce4f0e4e5abf76ebf2bff6d0b1d43f655ff82cae8f6f63a4fd97c01fb477871ae269d4010ffc24da7aced33055c05792c92df733025d80f98918afcf3c4ccbaad6ca7ebb865fbdc3c9558ffdbbac97dc7a993d6e4c472b7a4b4ff23e60fd9bfe345bfed0df047c3fe30b7b7367fdaf01f3adcb6e36f3a3b472c64e07dd9118720718aedebc7fc7de11d43f635ff8280eb1a2c96f6fa5fc27f8b8a751f0ca463f7167acaac5f69b5455e22f309965c150092b83906bd82bf9673dc0d3a35d57c3ff000aaae787927f65f9c5fbafd0fecae0fcf96699746acff891f767fe25d7d1eebd4e47e327c349be22e83a74fa6df368fe2bf0aea507887c2faaa8dc748d5ad897b5b9d87e59155faa382ac090474afd34ff008246ff00c143a6fdba7e03dc58f8ba1b4d17e31780245d33c69a2c6d8314a4b7d9ef635c0fdc5d44a254206d04ba8276e4fe7cd71be25bef1c7c00f89ba67c64f83ab12fc4cf0c46f09d2e597c8d37c5f6926d8ded3500ad1999510b3c3b9c08e4008f6fd07c30e3afecac47f676365fb89bd1bfb127d7d1f5edbf73e37c50e05fed5c3ff6860e3fbfa6b54bedc574f55d3ee3f7aa8af13fd80ff6e2f0afedf9fb3d58f8d3c373795a859c834af12e94f1c893787b588e28deeac24deaa59a26902ef5055860a920d7b657f53464a4b9a3aa67f2aca2e2dc64acd0514515448514514005145140051451401f945ff05abf88ede30ff8298fc23f87f210d69e10f01ea5e34d9c733dcde47611b7afca892e3b7cc78af24aebbfe0a9a23d5ffe0b657574bcb693f06f4bb06e3ee99758d42623f25535c8d7f26f8c18875388650fe58c57e17fd4feb6f07f0ca9f0f467fcd293fc6dfa0514515f969fa90514514005145140051451400514514005145140051451401e17ff00052ed51b48fd863e21cc84ab359430e47fd34ba8633ffa1d7eca68fa72e8fa459d9c6bb63b38120507b0450a3f957e32ff00c14d6d46a1fb14f8b2d49c7db2e74bb7faeed4ed07f2cd7ed24a732b1f5627f5afb5c1d964b4bbba953f08d3ff00827e03e274dbce231ed4e3f8ca5fe4368a2a1d4b52b7d1f4eb8bcba9161b5b489a79e43d12350598fe001358462e4d456ecfcf5bb6acf34ff8247f8623d7ff00686fdac3e2543f341e2ef1eda685048394963d1f4c82cc953d0fef0ca0e3a1047515f70d7c63ff0006fb683aae9dff00049bf863aaebd0795af78c24d57c4f7ee4ee79dafb55bbb98e463d4930c9175e40c0ed5f6757f6565b86fabe12961d7d98c57dc923f3bad539e6e7ddb0a28a2bb0cc28a28a0028a28a0028a28a0028a28a0028a28a002be5dff82c3fecb9e23fdaa7f61bf105878156dffe163f84eeecfc55e139250df2dfd94e93796bb4139961134200ea650090326bea2a3ad454a71a9074e6ae9ab35e4c716d3ba3f183f68af06e87ff00053efd82f4cf117832e6e3ede163f1778424deaad06af68b288a29bef0c097cc86403904b73915e35fb2efc798fe377c3b85af5174ff0014693fe81aee98e3cb9b4ebe8be49e178c92ca56456e1b9c60fae3e9693e1d6a3ff04f3fdbe75ff836da4c3a4fc17f884b3f893e195d79e1a3b5ba3e54ba9692072d9f3a59ee137b0c2655739c0f977f6e7f81d1fec37fb43b7c68f0ddbb59f807c7f74c9e3e7ff591e93a8b362daf8024bed9e499e37545daa4863f7801fc9d8ee1ff00aae32bf0be2747773c3c9f5bfd9bff00792b7f895ba9fb2f02f153c06263886ff773b46a2edda5f27f81eb14552d0b5d8b5fb3f363f9594ed743d54d5dafcd6bd0a946a3a55559add1fd3d4aac2a414e0ee99c8e8d7ff10bf658fda09be337c1393415f1c5ce9a344d6b46d7b7ff0063f886c03f9b871161d6e95d63d92ef0005da7826bf5bff60eff008287fc3fff008281fc389357f0ac97da2f8834b3e5ebbe12d6c476daff00875cbbaa0bab657631ac810bc6f9dae8411ce40fcbeac1b7f84e61f8a96be39f05f8ab52f85ff146c9562b0f15e9c8268dd47fcbbdf5ab7eeeeeddb0a087e540e0e38afd87c3ff0013a597f2e5f9a36e8ed196ee3e4fbc7f147e33e2278670c7a966595ab56de51e92f35da5f9fa9fbad457c07fb3a7fc16d34df05eafa6f813f69dd2e0f849e34ba916cf4af10accd79e19f180550bf6b8ee634d962d2bac8df66b92a514a0dec580afbea3916540cacacadc820e4115fd2b85c650c4d255b0f2528bd9a7747f33e230f5685474ab45c64b74f41d4514574188514514005145794fed9ffb64f823f60ff805ab7c44f1edf4b6ba3e9cd1c105bdbc466bbd4ae656090db411af2f23b103d1465988556213692bb1c62dbb23f32ffe0a44de5ffc163fc651b7de93e1be8322fba8bcd44123f1ae46bc5fc43fb56fc46fdac3fe0ab3ab78a3e23785747f045e6aff000ce1fecfd0f4fbdfb71d3ed2df54758e39ee000b2cdba7958b2855c328c715df7c5ef8dde14f80be163ad78bb5bb4d134edc115e50cf24ad903091a02ee79190aa71d4f15fc8be24c1e3788a53c17ef1545171e5d6fa5b4b6faa67f5ff0086b2fa9f0ec218cfddba6e4a5cda5b5beb7db4675558ba37c44d0fc45e30d63c3f63aa5a5e6b1e1f485f52b589f73d979db8c61f1c2b3042769e71838c115e3327c48f8a1fb4ff00eefc076f2fc33f0849fbfb6f17ea76915e5e6ab1f4020b093063470c1c492e0e07001af4af81bfb3f786ff0067cf0edc58f87ede6f3b5093ed1a85f5d4cd3de6a5373992591b963c9c0e00c9c015f278acae8e0e84beb53fdf3b5a11d797bb9bd969a28a6ddf7b5b5fadc3e6557175a3f5587ee95ef39697eca0b77aef2692b6d7b9db514515e11ed85145140051451400514514005145140051451401e37fb765a47aafc0fd3ec24cedd4bc57a05b60756dda9db93fa035fb180e457e3bfed99a9e9da4784bc0b71ac5edbe9ba4c5e3ed024bcbab870915bc2b78aeeeec780a02924f602bf60b4ed46df57b086eacee20bbb5b84124534320923954f465619047b8afb8a116b27a0eda73d4fca1fe47f3cf8912be7ad7fd3b8fe7226af93ffe0b43f1935af863fb0e6a9e1ff0bda4d7be2ef8b1a95b78074386142eed737fbc360039e218e6e99e71c62beb0af9eed34aff0086a3ff0082bff81fc0d7d67f6bf087c0ef0b37c47ba901cc7fdbd733b58e9f13f421a3b7fb54e3920ee191d0d7bfc13967d7b38a349af753e67e8b5fcec7e6f9956f658794baec7df9f0efc0f61f0c7c01a2786f4a8fc9d33c3f61069d691f1f2450c6b1a0e00e8aa3b56c51457f569f0a145145001451450014514500145145001451450014514500145145007ce3ff000542fd8adff6d2fd9b7ecba2cc6c7e21f80af97c5de07bcf304691eb36b1c86de299b049b698b98e5518ca39ee057c45f0b3c53e19ff008282fec9f73a7f8bb45b59bfb4a29343f176833c786d2b548182dcdb95624ab45709ba363f30da8dc1e9fad75f989ff053bfd9d2dffe09eff1c64fda63c0fa535b780fc697a96ff192c2d6369999d98c767ad229c98cc52cce2711ed0eb2062320b57e63e26707cf36c12c660b4c4d0f7a2d6ed2d5c6fdfaaf3f53d6ca71ca854e4a9f0cb73f3d3e19c7e2efd92be375d7c1bf1dea6baeebba7d81d6b44d5d18b47ad68e65f290cacc437da51d5d586318504138c9fa1347d5e1d6ec96687a74653f794fbd7a77edc5fb2569dfb69fc17b35d2efe0b1f15f87e65d77c21ae425644b5bc552632c7912412020329ca9043609515f197ecf7f19f5cbbbcd4fc3fe2ad35bc37f113c2720b5f1068b302a549e639d01037452a157561c6186091827f12a9468f1260de2e9a51c4d3d26b6bbfe6b767ff92bd1e8d1fd05c0bc5b2a0d65f8a6dafb2fbaff0035f8a3e89a2a8e83e20875fb50f190b201f3c79f997ffadef57abf3caf42a519ba75559a3f6ca5561522a70774ce860f14697e2bf09b785fc6da0693e32f0acec0cb61aada25e28db8d9b525ca7ca4023238238238ad7f82de1cf8b1fb315849aa7ece5f16efb54b16fdcffc211f13afaef59f0ed9c7c1db6c5185d5a30c281b5dd30cdf29e2b87a92cef66d3ee5268249219633b95d0ed653f5af7b21e2cccf289f360eab4baadd3f93d0f8fe22e05cb3374e556094fb9f4c4bff0005f9ff008664b0d3ecbf68ff00845e33f08ddc8c527f13f846dd75cf0ab7fb7e69912e621ca0daf093b89e4819afacbf668ff828b7c10fdaff00408750f877f133c27e221328636b1df2457916429c3c12159548dc01057a9c57e75f877f684f1068f2afdaa48f518578db2a056ffbe9403f9e6b07e2ce8ff0a7f687ff0091f3e15f8775e9073e7cd0c724fdff00e5a6c57ee7f8bbd7ec195f8dc945471f42efbc5dbf07fe67e399a782f8b849bc1d4baecffcf47f81fb3492ac9f75837d29c5b68e6bf06edffe09f7fb28db48d35bfc31d5ac246fbdf63f116ab6e0e3da3bc51fa552d5ff0060efd9a6ed5a3ff855faddfc4782b75e36d6b69fa8fb5357d12f1a324b6b0a97f48fff0024780bc21cf9bb251fbdff0091fb9bf117e31f84fe1068726a7e2af13683e1bd3e152ef73a9dfc56b1280324ee7603a0afe78ff6e3ff0082ca681fb6e7edff00aa4da869daff008bfc23f0af56bbd2be1d689e16b3fb6a6a4db9a29f57b90ee237690468606523cb4dc7686393e83a17ec65f06fc15aa7da7c3ff0c7c2ba615fba6589efe45eff00eb2e1a46ce7d08af43b1b2874bb48eded6186dade20152289022201d0003815f2fc41e30e0f19859e12861e7692b37cca3a755a26ecf676b69d4fb6e1af07f1b83c5431989af0528bba5cbcdaf7d5a575d37573e5bd4fe19fc68f8e5f1d349f1e59e9fa0fc29b7b5d2a7d0e437b70750d61ed667576611a2f92194805033fcac09208af4cf87dfb187857c2bac1d5bc4375acfc46d7b21a2d4bc593aea325991d7ece85447083c7dc5cf039e2bd728afc9719c518bab4d51a36a504b9528ab3b6aece4ef26b57a5ede47ebd84e19c2529bab5af526dddb93babf751d229e9d81542285501554600038028a28af9b3e8b6d028a28a0028a28a0028a28a0028a28a0028a28a0028a28a00ccf17f82b46f883a149a5ebfa4e99ae69b310d25a6a16a97303907209470549079071c5709e06f85bf103f658d623d5be06fc48d7bc3ab6ad987c1be21bf9f51f06ba13b9e3fb27fac837b0c99216de373edeb5e9d457ab97e758bc17bb465eebde2f58bf54f4fd4f1738e1dcbf33872e329a6fa3da4bd1ad4f44f85fff0005a6f0ff008026bcf09fed05a4ff00c2b9f881a46933eaff0069b14337877c4f0c51b4c4e9970edbd9fcb0018a50a439da198e40fab3fe08b1f08b54b0fd9ebc41f187c4acb3f88bf688d71fc7b0798de65c699a35cc317f65e9cce467105a853b012aaf349827ad7c73a2fc35f087ed3bf0ef52f86ff10b48b5f10787afb6dc416b33bc2c8e8fbc98e48cac88c080d956070187424577ff00b3c7ede7e2aff8258789745f00fc5ed4b50f17fecff7eeb65e1cf1bcb6ea971f0f50623b6d2f50d8099ad56345db7b2307dcc55f23057f77f0c33dc9a78897bbecabcd256bde2edbf2bdd5fb3f933f9878f383f1b96d46a0f9e9475bf549ed7efea8fd4fa2abe95ab5aebda65bdf58dcdbde59de46b34171048248a646195656190ca410411c106ac57ef07e5e145145001451450014514500145145001451450014514500145145001547c51e17d37c6de1dbed1f59d3ecb56d275285adaeecaf2059edeea261868e446055948241041041abd45007e43ebbf05b51ff0082437ed09a4fc37d4752d7354fd9f7e204d15b7813c47addc9bdbad1f5d9df60f0eb329f96031c4d342ed1a20dce85d8e71cd7fc1423f61697e3e699078ebc002df47f8c1e15898e97723cb82df5d463187b3bf3b774b1f968c23dcca2376ce4026bf5aff681f805e14fda8be0df887c03e36d261d6bc31e28b37b2beb590952c8c31b91970c9229c32ba90cac0104102bf2dadb4bf15ffc130be2d5afc23f8b1aa5deb1f0ef589da2f873f102f0aadbc902a173a66a93b15586ed3e54849cf9ebd0ee1b6bf05f10782b1581c53e25c857bcb5a904b46babb2dd35f12f9a3e9729ccf4542abb7f2becfa7fc03e38f825f1a2e3c5cda8693a9c2de1ff001f785663a7789346276c961769f2c8108660f096076bab32918e4d7b67873c710ea8162b9db0dc1214601dafe98f4fc6bd1bf6efff00827fd9fed616d6be28f0c6adff000877c58d0601068de234dce8d002edf64b88f959206672dca3329e470595be41f097c55d53c37e2f93c0ff0012b496f04fc41b12b135addb2c769ad925809b4f918ffa4464004ede54b6dc715f1d18e5dc4986f6b4572d58fc51fb51f35fcd0fc56cfbbfdbf8578caa5292c3e21fbdd1bda5fe52fcfa763e96a2b81f0ff8d6e348d91c8cd35b2f1b081b947b1aec349f11d9eb4bfb9946eff9e6e407fcbfc2be0732c8315837792e68f75faf63f62c16694310b4767d997a8a28af10f4828a28a0028a28a0028a28a0028a28a0028a28a0028a28a0028a28a0028a28a0028a28a0028a28a0028a28a00d0f0bf8826f0b6bf6ba85bffadb57dc01fe21d08fc4123f1afa52eac34cf889e11306a16367a9e93ac5b0f3ad6ee059a1b889d41dae8c0ab290790462be5baf72fd9cbc5a354f0ccba64d36eb9b172d1a1ebe49c74f5c313f98aecc1d4719e8ec7caf14e0554a2aba5b68fd199bfb177ed437dff04a8f8e3a1fc20f19ea1a95ff00ecfbe3fbf8b4ef01eb176cf7737833539a403fb2ee24c645a4b249985d862200ab36d0587eac03b86457e71fc4bf873a3fc5ff0087badf857c4166b7fa1f88aca5d3afedcb14f361950a380cb82a707860410704104035d27fc11bff006acbff000d0d63f666f895ad5bb78f3e1b607835ee0c714be25f09aa08ec674fba669e058a4866c2920c60967259abfa9bc37e3479a51fa8e2dfefa0b7fe65dfd575fbcfe5ae32e1b581abf5ac3afddc9edfcafb7a3e87df1451457ea47c3051451400514514005145140051451400514514005145140051451400571df1f3f67ff06fed41f0a756f04f8fbc3da6f8a3c2fad4623bab1be84491b10432bae7957460195d70caca0820815d8d1401f905f14bc37e28ff0082335ec9a3fc4cd4758f177ecf97174c3c3bf10e6dd7375e1932b37d9f44beb68cc93c891c5112b7a0043b950aa9202f5bfb467ecc1e03fdb2fe1a2d8f8834fd3b5166b677d135eb7447bdd1a490295b9b3b81f346c19637ca9c36c5ce457ea65e59c3a85ac905c471cd0cca5248dd432ba9e0820f041f4afcc9f8c3ff0004b2f881ff0004ff00d4b51f127eccf0da78a7e175c4d2eafe20f86dabdccd25f698aa43ba7874a2edf3250d29305c3105d502b7cd81f88f1a785b2a95de6fc3d2f675d3bb8a76527de3d9f75b3f23e832fce3957b1c4eb1efd8fcf2f89fe00f899fb005b343f112dee7c6df0cf4fdaabf10ed3996d11be48a3beb35df3799bb683329652645e49cd755e16f165878bb46b6d5347bfb7bfb2b850f0dcdb4a1d1be8477fd457da9f01bf6adf07fed090dc5ae997571a3f89f4d668756f0aeb710b0d7f44957878aeacd8f991b29e09194241c31c1af9dbe3dff00c12374fd3fc5fa878e7e05ea96bf0ffc5f7807dab45bb05bc31aa8c966f3214532c32336cfde44d8014e13249afcff0007c590755e0b3d87b0acb472b3516ffbd1fb2fcd7bbe48fd2329e26af874a337ed29f47f697cfafcf5f339dd1bc7977a60db36ebb8fd1dbe6fcffc6ba1d3fc7da7de47fbc66b77feeb0247e62bc0bc45f137c4bf007c44ba07c64f09ea1e0bbc8dfca3e238a1797c2b7ac46e5f26f4f0a48206d930431c1aedb44d7ac7c4da5c37da6deda6a165703745716d32cd1483d5594907f035d78ee15c1e262ab25a4b6945e8feeba3f52ca38b3dac7fd9ea292ecf75eab73d821992e230d1b2c8a7a1539069d5e5314cd036e466561c820e0d6c58f8f750b24da644997fe9a2e7f960d7ca62b82eb475a1352f5d0faaa3c474de95636f4d4efa8ae46cfe26367fd22d54fbc6d8fd0d5e4f89162c3e68ee97fe02b8fe75e2d5e1ccc21bd36fd2ccf4619c6125f6fef3a0a2b221f1ce9b31ff005cc9fef2115653c4fa749d2f20fc5b15c32caf171f8a9cbee674c71b877b4d7de5ea2a9ffc24361ff3f96dff007d8a6b789b4f4ff97cb7fc1b350b01897b5397dccafad51fe75f7a2f51593378df4d87fe5e377fbaa4d557f88f60a388ee9bfe023fc6ba69e4b8e9fc349fdc653ccb0b1de6bef3a0a2b94bcf89807fc7bdafe3237f41542e7e226a13ae17c987dd13fc49af468f09e613f8a2a3eace3a99f6123b36fd11dd62a8df788ec74e7db35cc6ade832c7f4af3cbcd4ae3509374d349237fb4735066bdbc3f04c77af53e497eaff00c8f32b7123da943ef3b7bdf88d6701c431cb37b9f947f8d55ff85a033ff1e3ff0091bffb1ae4a8af669f0ae5d156716fd5bfd2c79f2cf318de92b7c91dd699f106cef5b6cdbad5b3805be653f881fceb755c3a8652194f208ef5e515b3e15f1649a0cbe5c9992d5ce597f897afddaf1b35e118283a982bdd7d97d7d19e86078825cdc989dbbff99dfd151da5dc77d6c9342caf1c8320835257c0ca2e2f964acd1f571926ae828a28a91856b7823c5f71e07f10c3a85bfcdb3e5923ce04a87aa9fd0fd40ac9a284da774454a71a91709aba67d5ba16bb6be25d261beb293ceb5b804a3608ce0e0f07d0822bc1bf6eab1bcf824be19fda2fc23a3a6a1f107e06de2eab1471011cdabe92e4c3a858bcbd4466da69e41c361938525ab3fe1e7c4dbef87777235bac735bdc32f9d0c99c103b83d9b04f3fa1af62d0fe33786fc6361243733a598990c72c37a5515d48c30ce7690724751f4afa5c873a9e031b4b194dda5069faaeabe6b43f2ce24e15a952854a1cbcd092767bb5dbee3f487c21e2cd3fc7be13d335cd22ea3bed2b58b58af6cee23fb93c32287471ec5483f8d68d7c4fff0006f66b175ff0eb0f03786f51bc37daa780751d67c2f752eedc08b4d52e921c1ee3ece61c74e315f6c57f6dd2a91a905523b349af99fca1529ca127096e9dbee0a28a2b42028a28a0028a28a0028a28a0028a28a0028a28a0028a28a0028a28a0028a28a00f977f6d6ff824d7c33fdb13c671f8fa35bff027c64d2ecd6d346f1de873491dfe9ca189c3c1bc41728433a32cc8d9472015e08f8f3e2649f1dbfe09ecb39f8d7e1d1f117e1a69b179d71f153c256a13ec6a73ff001ffa347be7855151dde7877c40320c6735facb515f58c3aa594d6d750c5716f708d1cb14a8192452305581e0820e083d6be6388f83f2acf29f263e9272d9496925e8ff004775e475e171d5b0eef4dfcba1f989e09f1ffc39fdb43e0d3de68f79a0f8f3c17ae218a5478c4d04c158829245200cac197a3a860466be71f88bff00046fd0f44ba6baf825e35d57e0dcb72e5ef2c16d7fb7b49ba62492c2dee64cc4e7e5198dc00ab808335fa0dfb427fc112be15fc4df11af88fe1cea1e23f803e2b0c649ef3e1e49069765abbff0fdbac7cb36f7217e6232aad976cb7a7cebf10fe1dfed4dfb195b5f5f78e3c13a27c71f0559b3456ba9fc378a58fc482251f2cd77a75cb2c6cccaa4b7d9a5203300171cd7e238ef0cf88f2394aaf0fd7f694f7e476bbf58cbdc97aefe47d26173ca3392954bc24baabafc56a8f877c63e07f8f5f0165b81e30f852fe27d034d05a7f137847508eed248c0cb49f606c5caed1d460e4838ed583f0e7f6abf87ff00157557d3f47f1259b6a51b18decaed24b3ba471d57cb9955891df19e41afbbff0065efdbdbe18fed7562dff089f88163d62ddb6dd687a9afd8f55b36c9003c0c739f94fdc2c3a735a3f16bf621f843f1ca6ba9bc55f0d7c1bab6a179feb7507d2a28f50ce7391728a26073e8fdcfa9af9c8f1abc354787cf3092a735bb85d7df197e8d2f23ed703c4d8e824e335523e7bfdebf54cf9048c1a2bd0758ff008233e8fa23cb75e09f8bff00177c3b749cdb59ea1aac7ac6950f70be44d1efdb9ffa699c6477ae0b55fd863f6a5f0c5db0b1d57e08f8b34f84908666d434bbe9d474240578558f53ce3d2bddc2e7f93e27f83898a7da69c5fe375f89f45478be83d2b53947d355f86bf811d15c5f8efc43f157e0b5a34be32f813f101618c65aefc3a6df5ab7c6324e51d48e84f23b579ac7ff000522f87765a81b5d6edbc59e15b853831eafa3bc2ca7df696f63f8d7bb430756bc79f0f69aef16a5f9367a54f8932d969ed52f5d3f33dfa8af2fd13f6d3f853e208835bf8eb415c9c6d9a530b7e4c057430fed03e03b81f278cfc2edf4d4e1ff00e2a89607111d254daf933ba19a60e6af0ab17f3475f4572327ed01e0587ef78cbc2ebf5d4e1ffe2ab0b59fdb23e166828cd71e3af0ff00cbd4453994fe4a0d11c0e225a460fee612ccb091579558af9a3d2e8af03d63fe0a51f0beceebc8d3ef35af104d9c04d2f4d9252df4ddb41ffeb5767f0fbe3678c3e33441bc1bf03fe2eeb0adf767bbd361d3edcffdb4925c7a5555cbebd28f3d65c8bbc9a8afc5a38aa7126590d3db27e9afe573d268a82d7f648fdaabc628b3d9687f073c1f039ff53af6b1797d74a33e96b194cf7c16ee3debb5f0e7fc1277c6de3db3593e22fc6cd774e9187cf67e04b48f4b8e3f65b8996594e0e792a320578b88ce32bc3abd6c543d23793ffc9535f89e7d5e2ec2ad294252f9597e3638db8bb8ad1e359a58a1699b6461dc2991bd067a9e0f03d2a4af45f14ffc112be18df7c3bd42df4fd63c7571e3854f3f48f156afafcd7b7fa7dda7cd0c9d936870a182a025720104e6be70f841f173507f885e24f865e348ed6d3e21780e5fb26a0d6d206b4d5d412a2ead89c31560158ab2a95f31781c81ae599960b33a739e5f272f67f126acedfcc95de97d3ba2b2ce268626bfb0ad1e472f875bdfcbd4f4aa28a2ba4fa9377c19e29fec59bc99cffa2c8739c7dc6e39fd2bbbce6bc9ebb2f02789bed71fd8ee1b32463f76c4f2e39e0fd3f957c27156489afae505afda5faff99f5191e6567f57aafd3fc8e9a8a28afcf8fac0a28a2800a01a2a1d4f528746d36e2f2ea411db59c4f3cae7a22282cc7f206aa1172928add933928c5ca5b23eceff00837c2376fd923c7b701b759de7c4cd7a4b5c76412468dff9111ebef0af8bff00e0df3f00ea9e05ff00824a7c2b9b5cb75b7d6bc4eba8f892efaee7fb76a37575131279c98658bafa6326bed0afef6cbe8ba385a7465bc6315f7248fe05cc2b2ad8aab5a3b4a527f7b6c28a28aec38c28a28a0028a28a0028a28a0028a28a0028a28a0028a28a0028a28a0028a28a0028a28a0028a28a00f21fdaaff607f839fb6f6831e9ff00153e1f787fc630dbab2c135d44d1dddb06c06f2ae232b3479c0e51c741e82be5ef1b7fc10cef7c076696bf007e3d78ebe0ee951e3668ba9d945e31d2e1c1e91adfbf9e8bb70a009f0368239ce7effa2b8f1b97617190f678ba719c7b4926bf134a7567077836bd0fcb5f8aff0006bf6c2fd983419255f875e07fda0ac6d064de786b587f0f6a932e0b163653a4c858631b23909638c75c5795c5ff000534b7f873a44775f197e0ff00c6cf8230c93ada0bdf12f846f0696f3907f76974b1ec627071c0ddd40f4fd9eafc68ff0082e07c7cb5fda4ff00e0a03e13f86ba5ea2f71a1fc09d3e4d63c41688edf67b8d5f514096a92a1f95da0822924460328d31e41c8afccf88bc2fe18fabcf13ec5d3695fdc935af456775bf647d0e4b8ac762f174f09095f99db55b2eafe4b53b3f0e7fc143fe0378ae156b3f8c9f0d3737023b9f10dadacbff7c4ceadfa57a0f853e327847c7b003a1f8abc3bad44f9c1b1d4e1b956c7fb8c457e766bff0005fc1be2b90bea9e12f0c6a4e7f8aef4a8266fcd94d605e7ec8ff0ceea4df1f827c3f6327f7ec6dfec6c3f18b6d7e3b538032d7ad1ad520fcd465f938b3f4da9c298c5f0ce32fbd7f99fa77aefc2ef0df8c61ff899f86f41d56390efcdd69d0ce18fafcca73df9ae4f54fd8d7e146b4fbaebe18f81666e993a0db0fe495f9dd17ecc5a369cca74bd7bc7da1ec1851a778aafe0083d0012f03e9e94e3fb3f5f13f2fc56f8e11fb2f8eafbff008bab8f05ce3f066135ff006ecbf499c72e15c77f241fcffe01fa1fa67ec67f09f479375afc31f02c4dea341b63fcd2ba3d2fe157843c0b16eb2f0cf867475ceecc3a6c16e323bf0a3d2bf33bfe19eee2452b3fc4df8d1751b7de59bc717ecadf51bc561f8f3f637f0f78b3c17aa588bef12dc6a5716d225a5d5febb7775f6798afc8fb5e42a70d8c8c72322aff00d4b9d47cb53319dbfc2fff009313e17c7c62e4a9c34f3ff807e9e78abf692f877f0eff0077ae78fbc13a081fc37faedada01f83bafa8fceb8bd5ff00e0a29f03f4c6f2ed7e267857c41707a5b787eec6b570df44b5f30d74dff0448f811fb367ed85fb27c50f8bbe00fc093f18bc0539d23c6f65ff00085d9ced6d3ef90dace1e6490b0b8b658e5dcae57717031b768fd12f867fb3cf803e0b5b793e0ef03f843c270e36f97a368d6f60b8f4c448a2bee307e05e0256a988c5ce69eba24aff0099f015b3ead093a7ecd45ad1dfa1f937aefedbbf13bc4faedbd8fc33fd947f681f1b2dd36d8eff0053f0edc78734e727807ed1711101739cb1000c57b17847f637fdafbf68bf0fc33ea17df0d3f67386e541f2cc6fe33d62df80dc8cdbdb679da465b1827d2bf4c80c515f6d96f853c35846a5f57e76bacdb97e17b7e079b5338c5cfed5bd343e0af0affc106bc33f10b445b7fda03e297c44f8ece41f32ca4ba3e18d18b72030b4d35a33c2f1879581c92473c6bfed37ff000416f81df143f675b1f09fc35f0ce85f07fc59e167171e15f14e916066bad1e72631234aa645378b2c4863713b3f0e587cc01afb7a8afbac3e5f85c3d3f63429c631ec924bee4707b6a9cea7cceebadf53f9c8f096bbe2bd0fc5bab7827e257856ebc03f11bc3cec2ef45bc621af6d8108b7f6db947996b23ee5591772e548dc78ae9ebf48bfe0bd3fb207837e25fec7fe27f8c535cdbf857e227c1bd227f1068fafc2b1c336a71dac72ca346ba931be5b3b891b1e4861fbd6461ce437e637803c47378bfc0da3ead716ad653ea5650dcc96edd616740c57f0cd7e5bc5191c7035554a5f04b65d9f63f79e0be249e6741d2aff00c486efbaefea6bd3a199a0956446dac843291d88a6d15f28d26accfb64edaa3d03c29e298f5cb558e4655ba5f94ae79938fbc07e7c0e95b15e530cef6f22bc6cc8ebd194e08aeab43f88a72b1df28db8ff005a839cfb8ff0afcef3ae159c66eb60d5d7f2f55e9dcfaecb73c8b8aa788d1f7efea7594566c5e2ed366fbb7718ff007815fe629d378b34d83ef5e47ff01cb7f215f27fd9f89bf2fb395fd19ef7d6a8dafcebef468579c7c54f024ffb5d7c58f07fecdfa0ea1258f887e2c4c45fde42be63687a3c199eeee9d38e1e382485325433be01c8c545f1bff6a3f0ff00c19f0fc52c8ed79aaea4ff0064d22c14112ea976dc47046319cb3155c9c2aee04902bf4c3fe08edff04edbcfd97be195c7c44f89569677bf1bbe2228bed5a67549dfc2d68eaad1e8b6b2e58ac109c960ae55e4666cb00a6bf59f0cf80f1389c74730c741c695369a4fed496da765bb3f26f13b8eb0f83c0cb2ec1cd4aad45676fb317bbf57b2fbcfb2b45d1ed7c3ba3dae9f630476b67630a4104318c2c51a80aaa07a0000ab54515fd407f2c051451400514514005145140051451400514514005145140051451400514514005145140051451400514514005145140057f3856a96f6bfb697ed391dfee87c613fc55d7a6d4ade7256616df6e9bec8e15b9f28c4728d8c1078cd7f47b5f38fed93ff0004a3f827fb716a1fdafe2df0bff65f8bd06c4f15787a73a4eb817e51b5aea1c34aa1576859778504e00c9af273acb5e3b0af0ea5cbb3fb8f7387738596635629c79924d5bd7b1f8fb8a3693dabee6b6ff8362fe16452ab49f193f68c9941e54f8d1867f28eb7acbfe0dacf8216e8a26f1d7c7abb6ee64f1e5cf3f9015f12b812bffcfd5f733f487e2761ba5097debfc8fcfcd8c7f84fe54be5b7f75bf2afd0e8bfe0dbbf8048c0bebff19a6c767f1d5ef3ff008f56b5affc1bb1fb3742bfbeb4f88d747d66f1c6a793f94c2a9701d5eb557dcffcc87e27d1e941ff00e04bfc8fcdbf2dbfbadf9547712ada465e5658d5464b39da057e9827fc1bc1fb3181f3681e3593fdff001aeac73ff9315b5e18ff0082037eca7e1b977c9f0cff00b68eeddb758d6eff00504edc1596665238e8410727d6ae3c073eb597ddff00048978a10b7bb41ffe05ff0000f86bfe0887e30beff87a76ad1f81e45d5bc39aef84244f1fcd6444f6d653dbb83a5b4f22e44731df728884a964de7042f1fb5b5c1fc05fd96be1afecb3a15d69bf0dbc03e0ff000258df32bdd45a0e910580bb65c85694c4aa6461b9b05b2464fad7795f7797e0feab878e1efcdcaad73f31cdb1ff005dc5cf15caa3ccef64145145761e78543a96a56fa3e9f3dddddc436b6b6b1b4b34d2b848e2451966663c0000c927802a6af8b7fe0e1df1f6b1f0dffe08e7f19f50d0f52bad2750b8b6d374c3776f218e48a1bbd56ced67c1041c343348a7d43114a4ecae38c6eec7e6bfed93fb72ea1ff0571f8db69e2258f56d3fe02f82ee629bc21a06a300b79756d5612dff0013c97672c9b2568a28da464c296da18b6726a1d374bb7d0f4f82cace08ad6d2d23586186250a91228c0500700015357e199be67531d887567b745d91fd3390e4b472cc2aa14b7ddbeeff00ad828a28af2cf6828a28a002b86f8b9f123c47e17bdb2d1fc2be0fd53c49ad6aa8c609c811699678206679b390790422825867d2bb9ae83e1c431cbae48ccaacd1c459723a1c8e7fcfad73e2b1d1c1d2962651e6e557b772a183962a4a8425cae5d56ebef3cefe0c7ec41a7c1a65c6b3f153ec1e3df1d6b16af67a85d4d1eeb1b681b2be45b45b55635d98cb050c5b272335ea5f03fe207c6eff00827cdfe96bf01fc556f79f0eec676b9d43e1bf8924fb4585e650a30b5bc9164b8b538da5511c47b901230cc0f55457e7983e3cceb0b8d78da559ddef1fb16edcbb24ba5ad63e8b1dc099362f06b075a92d3697dbbf7e6ddb7d6e7e967ec1ff00f0540f863fb7f6973daf876e6ffc33e39d36379b56f04789163b2f116951abaaf9d25b0762d0b6f8d96542c844a99218ed1f4657e01e91fb37ea9fb48ffc144be1de85e0ef1beb7f0a7c650f86359d662f15e80a16fa1301b7585260190dc5bf98e37c0ce15d495e339afd26fd99bfe0a33e2df863f18742f82dfb4c68563e0ff176b8eda6782bc676d7ab3e93f1364b756f3e611c6b8d36764113fd9e77f99a62a849001feb3e15cee59be574b309c395cd6dbeceda79687f23f15e4f4f28cdaae5b19f3723567b68d5fefd4fb5a8a28afa03e7c28a28a0028a28a0028a28a0028a28a0028a28a0028a28a0028a28a0028a28a0028a28a0028a28a0028a28a0028a28a0028a28a0028a28a0028a28a0028a28a0028a28a002b86fda5ff677f0cfed69f017c55f0dfc656b25e7867c6160f617d1c4e12455382ae8c410ae8caaea4838650707a577345007e1d7c4bff824dfed47fb2b09a18b43d17e397852cdbcab0bef0e5e7d97c40611f74dd5adc6c89e4c0e4c3236491c7535e35ac5bfc5ef0fdd79377fb2efed3de6648cdb78124bb8f8ff006a29187f8d7f455da82335f3788e15cbab4dcdc1a6fb3b1f5f84e38cdf0f054d4d492eeaff0089fce6ff0069fc50ff00a363fda93ff0dbde535b55f8a43a7ecbff00b5437d3e1bddff00535fd1a6293683d8573ffa99977f7befff008075ff00c444cdfbc7ff0001ff00827f39c979f16241c7ecb7fb547e3f0f261fcdeac470fc5e97eefecb7fb507e3e0475fe72d7f4558a2abfd4dcb7b3fbc9ff88859c778ff00e027f3b71e93f18e5fbbfb2dfed35f8f82b1ff00b5aacd9e93f1aac6e16687f65ffda55244e41ff84400ff00dad5fd0dd144b8332c92e5945b5ea0bc42ce53ba947ff013f05f46d57e345ec1fbff00d95ff68d59338c8f0bc48a7fefab818ad48ac3e355c7dcfd96ff00682ff81e8f669fceeabf7528af9f9784bc3929737b397fe04cf523e2e711a56f691ffc051f873fb30d87c6ef80dfb78c1f1835dfd96fe3d5e785f4ff00035ef8692cf4fd3ac66d4bed53de5b4fe6888dd2868c4703af0dbb715e08248f7cfda93f6ced3bf6b7f813e22f86fe3afd8cbf6d6bff000d789a0586ea383c056a248d91d648e58dc5e9db224888ead8382a382320fea5515f7595e5987cbb0b0c1e155a10565d7cf73f3dce31b5b33c64f1d8b77a92d5b5a7e07c57ff00043ff8e1f1cbe28fece1ad687f1d7c17e36f0f6b1e0bd57fb3741d63c4da2ff64df788b4af293c896e2232c99ba521c48cbfbb20c782cdbcd7da94515e81ca14514500145145007fffd9);
INSERT INTO especie(n_pokedex, nombre, descripcion, evoluciona) VALUES(5, 'Charmeleon', 'Charmeleon no tiene reparo en acabar con su rival usando las afiladas garras que tiene.', 4);
INSERT INTO especie(n_pokedex, nombre, descripcion, evoluciona) VALUES(6, 'Charizard', 'Charizard se dedica a volar por los cielos en busca de oponentes fuertes.', 5);
INSERT INTO especie(n_pokedex, nombre, descripcion, evoluciona) VALUES(7, 'Squirtle', 'El caparazón de Squirtle no le sirve de protección únicamente.', NULL);
INSERT INTO especie(n_pokedex, nombre, descripcion, evoluciona) VALUES(8, 'Wartortle', 'Tiene una cola larga y cubierta de un pelo abundante y grueso que se torna más oscuro a medida que crece.', 7);
INSERT INTO especie(n_pokedex, nombre, descripcion, evoluciona) VALUES(9, 'Blastoise', 'Blastoise lanza chorros de agua con gran precisión por los tubos que le salen del caparazón.', 8);
INSERT INTO especie(n_pokedex, nombre, descripcion, evoluciona) VALUES(133, 'Eevee', 'La configuración genética de Eevee le permite mutar y adaptarse enseguida a cualquier medio en el que viva.', NULL);
INSERT INTO especie(n_pokedex, nombre, descripcion, evoluciona) VALUES(134, 'Vaporeon', 'Vaporeon sufrió una mutación repentina y desarrolló aletas y branquias que le permiten vivir bajo el agua.', 133);
INSERT INTO especie(n_pokedex, nombre, descripcion, evoluciona) VALUES(135, 'Jolteon', 'Las células de Jolteon generan un nivel bajo de electricidad, cuya intensidad aumenta con la electricidad estática que acumula en un pelaje.', 133);
INSERT INTO especie(n_pokedex, nombre, descripcion, evoluciona) VALUES(136, 'Flareon', 'La suavidad del pelaje de Flareon tiene una función clara: libera calor para que el Pokémon no se asfixie.', 133);

INSERT INTO ejemplar VALUES(1, 1, 'Bulbasaur', 'M', 10, 0);
INSERT INTO ejemplar VALUES(1, 2, 'Bulbasaur', 'F', 12, 0);
INSERT INTO ejemplar VALUES(3, 1, 'Venusaur', 'F', 78, 0);
INSERT INTO ejemplar VALUES(4, 1, 'Charmander', 'M', 5, 0);
INSERT INTO ejemplar VALUES(4, 2, 'Charmander', 'M', 13, 0);
INSERT INTO ejemplar VALUES(4, 3, 'Charmander', 'M', 10, 0);
INSERT INTO ejemplar VALUES(5, 1, 'Charmeleon', 'M', 27, 0);
INSERT INTO ejemplar VALUES(6, 1, 'Charizard', 'F', 100, 0);
INSERT INTO ejemplar VALUES(7, 1, 'Squirtle', 'F', 5, 0);
INSERT INTO ejemplar VALUES(7, 2, 'Squirtle', 'F', 10, 0);
INSERT INTO ejemplar VALUES(8, 1, 'Wartortle', 'F', 19, 0);
INSERT INTO ejemplar VALUES(8, 2, 'Wartortle', 'M', 90, 0);
INSERT INTO ejemplar VALUES(8, 3, 'Wartortle', 'F', 23, 0);
INSERT INTO ejemplar VALUES(9, 1, 'Blastoise', 'F', 52, 0);
INSERT INTO ejemplar VALUES(9, 2, 'Blastoise', 'M', 38, 0);
INSERT INTO ejemplar VALUES(9, 3, 'Blastoise', 'M', 41, 0);
INSERT INTO ejemplar VALUES(9, 4, 'Blastoise', 'F', 100, 0);
INSERT INTO ejemplar VALUES(133, 1, 'Eevee', 'M', 10, 0);
INSERT INTO ejemplar VALUES(133, 2, 'Eevee', 'F', 21, 0);
INSERT INTO ejemplar VALUES(133, 3, 'Eevee', 'M', 20, 0);
INSERT INTO ejemplar VALUES(133, 4, 'Eevee', 'F', 23, 0);
INSERT INTO ejemplar VALUES(133, 5, 'Eevee', 'F', 90, 0);
INSERT INTO ejemplar VALUES(133, 6, 'Eevee', 'M', 10, 0);
INSERT INTO ejemplar VALUES(133, 7, 'Eevee', 'M', 100, 0);
INSERT INTO ejemplar VALUES(134, 1, 'Vaporeon', 'F', 25, 0);
INSERT INTO ejemplar VALUES(134, 2, 'Vaporeon', 'F', 88, 0);
INSERT INTO ejemplar VALUES(135, 1, 'Jolteon', 'F', 76, 0);
INSERT INTO ejemplar VALUES(135, 2, 'Jolteon', 'M', 41, 0);
INSERT INTO ejemplar VALUES(136, 1, 'Flareon', 'F', 22, 0);

INSERT INTO tipo VALUES(1, 'Normal');
INSERT INTO tipo VALUES(2, 'Planta');
INSERT INTO tipo VALUES(3, 'Fuego');
INSERT INTO tipo VALUES(4, 'Agua');
INSERT INTO tipo VALUES(5, 'Eléctrico');
INSERT INTO tipo VALUES(6, 'Volador');
INSERT INTO tipo VALUES(7, 'Veneno');
INSERT INTO tipo VALUES(8, 'Psíquico');

INSERT INTO ataque VALUES(1, 'Placaje', 40, 1);
INSERT INTO ataque VALUES(2, 'Látigo cepa', 45, 2);
INSERT INTO ataque VALUES(3, 'Derribo', 90, 1);
INSERT INTO ataque VALUES(4, 'Hoja afilada', 55, 2);
INSERT INTO ataque VALUES(5, 'Bomba germen', 80, 2);
INSERT INTO ataque VALUES(6, 'Rayo solar', 120, 1);
INSERT INTO ataque VALUES(7, 'Arañazo', 40, 1);
INSERT INTO ataque VALUES(8, 'Ascuas', 40, 3);
INSERT INTO ataque VALUES(9, 'Colmillo igneo', 65, 3);
INSERT INTO ataque VALUES(10, 'Pirotecnia', 70, 3);
INSERT INTO ataque VALUES(11, 'Lanzallamas', 90, 3);
INSERT INTO ataque VALUES(12, 'Infierno', 100, 3);
INSERT INTO ataque VALUES(13, 'Burbuja', 40, 4);
INSERT INTO ataque VALUES(14, 'Pistola agua', 40, 4);
INSERT INTO ataque VALUES(15, 'Cabezazo', 130, 1);
INSERT INTO ataque VALUES(16, 'Acua cola', 90, 4);
INSERT INTO ataque VALUES(17, 'Hidrobomba', 100, 4);
INSERT INTO ataque VALUES(18, 'Ataque rápido', 40, 1);
INSERT INTO ataque VALUES(19, 'Doble filo', 120, 1);
INSERT INTO ataque VALUES(20, 'Impactrueno', 40, 5);
INSERT INTO ataque VALUES(21, 'Trueno', 70, 5);
INSERT INTO ataque VALUES(22, 'Chispazo', 80, 5);

INSERT INTO especie_tipo VALUES(1, 2);
INSERT INTO especie_tipo VALUES(1, 7);
INSERT INTO especie_tipo VALUES(2, 2);
INSERT INTO especie_tipo VALUES(2, 7);
INSERT INTO especie_tipo VALUES(3, 2);
INSERT INTO especie_tipo VALUES(3, 7);
INSERT INTO especie_tipo VALUES(4, 3);
INSERT INTO especie_tipo VALUES(5, 3);
INSERT INTO especie_tipo VALUES(6, 3);
INSERT INTO especie_tipo VALUES(6, 6);
INSERT INTO especie_tipo VALUES(7, 4);
INSERT INTO especie_tipo VALUES(8, 4);
INSERT INTO especie_tipo VALUES(9, 4);
INSERT INTO especie_tipo VALUES(133, 1);
INSERT INTO especie_tipo VALUES(134, 4);
INSERT INTO especie_tipo VALUES(135, 5);
INSERT INTO especie_tipo VALUES(136, 3);
